w,m,n,p,q,tc,coef_input_vals,error_vals_all,error_next,rel_err,pole,residue,multiplicity_pole,pole_2,res_2,remainder,k
0.01,0,0,[1.],[1.],"[1.0, 0.0, 0.0]","[1, 0.4897561593198209, 0.251423336273295]","[0.0, 0.4897561593198209, 0.251423336273295]",0.4897561593198209,1.0,,,,,,,
0.01,0,1,[0.48975616 1.        ],[1.],"[1.0, 0.4897561593198209, 0.0]","[1, 0.4897561593198209, 0.251423336273295]","[0.0, 0.0, 0.251423336273295]",0.251423336273295,1.0,,,,,,,
0.01,1,0,[1.],[-0.48975616  1.        ],"[1.0, 0.4897561593198209, 0.2398610955917018]","[1, 0.4897561593198209, 0.251423336273295]","[0.0, 0.0, 0.0115622406815932]",0.0115622406815932,0.045987142056794376,2.0418324118451348,-2.0418324118451348,[1],,,0.0,[]
0.0109749876549305,0,0,[1.],[1.],"[1.0, 0.0, 0.0]","[1, 0.4823529723415525, 0.2439714748159314]","[0.0, 0.4823529723415525, 0.2439714748159314]",0.4823529723415525,1.0,,,,,,,
0.0109749876549305,0,1,[0.48235297 1.        ],[1.],"[1.0, 0.4823529723415525, 0.0]","[1, 0.4823529723415525, 0.2439714748159314]","[0.0, 0.0, 0.2439714748159314]",0.2439714748159314,1.0,,,,,,,
0.0109749876549305,1,0,[1.],[-0.48235297  1.        ],"[1.0, 0.4823529723415525, 0.2326643899267305]","[1, 0.4823529723415525, 0.2439714748159314]","[0.0, 0.0, 0.011307084889200902]",0.011307084889200902,0.046345929981083785,2.0731705977586543,-2.0731705977586543,[1],,,0.0,[]
0.0120450354025878,0,0,[1.],[1.],"[1.0, 0.0, 0.0]","[1, 0.4749498263189358, 0.2366501307009136]","[0.0, 0.4749498263189358, 0.2366501307009136]",0.4749498263189358,1.0,,,,,,,
0.0120450354025878,0,1,[0.47494983 1.        ],[1.],"[1.0, 0.4749498263189358, 0.0]","[1, 0.4749498263189358, 0.2366501307009136]","[0.0, 0.0, 0.2366501307009136]",0.2366501307009136,1.0,,,,,,,
0.0120450354025878,1,0,[1.],[-0.47494983  1.        ],"[1.0, 0.4749498263189358, 0.22557733752038728]","[1, 0.4749498263189358, 0.2366501307009136]","[0.0, 0.0, 0.011072793180526314]",0.011072793180526314,0.04678971926924681,2.1054855578123433,-2.1054855578123433,[1],,,0.0,[]
0.0132194114846602,0,0,[1.],[1.],"[1.0, 0.0, 0.0]","[1, 0.4675468209432909, 0.22944194936392]","[0.0, 0.4675468209432909, 0.22944194936392]",0.4675468209432909,1.0,,,,,,,
0.0132194114846602,0,1,[0.46754682 1.        ],[1.],"[1.0, 0.4675468209432909, 0.0]","[1, 0.4675468209432909, 0.22944194936392]","[0.0, 0.0, 0.22944194936392]",0.22944194936392,1.0,,,,,,,
0.0132194114846602,1,0,[1.],[-0.46754682  1.        ],"[1.0, 0.4675468209432909, 0.21860002977417775]","[1, 0.4675468209432909, 0.22944194936392]","[0.0, 0.0, 0.01084191958974226]",0.01084191958974226,0.04725343216355694,2.13882322626527,-2.13882322626527,[1],,,0.0,[]
0.0145082877849593,0,0,[1.],[1.],"[1.0, 0.0, 0.0]","[1, 0.460143845123951, 0.222361965372879]","[0.0, 0.460143845123951, 0.222361965372879]",0.460143845123951,1.0,,,,,,,
0.0145082877849593,0,1,[0.46014385 1.        ],[1.],"[1.0, 0.460143845123951, 0.0]","[1, 0.460143845123951, 0.222361965372879]","[0.0, 0.0, 0.222361965372879]",0.222361965372879,1.0,,,,,,,
0.0145082877849593,1,0,[1.],[-0.46014385  1.        ],"[1.0, 0.460143845123951, 0.2117323582054546]","[1, 0.460143845123951, 0.222361965372879]","[0.0, 0.0, 0.010629607167424393]",0.010629607167424393,0.04780317150731958,2.173233458616893,-2.173233458616893,[1],,,0.0,[]
0.0159228279334109,0,0,[1.],[1.],"[1.0, 0.0, 0.0]","[1, 0.4527409487660052, 0.2154175443507776]","[0.0, 0.4527409487660052, 0.2154175443507776]",0.4527409487660052,1.0,,,,,,,
0.0159228279334109,0,1,[0.45274095 1.        ],[1.],"[1.0, 0.4527409487660052, 0.0]","[1, 0.4527409487660052, 0.2154175443507776]","[0.0, 0.0, 0.2154175443507776]",0.2154175443507776,1.0,,,,,,,
0.0159228279334109,1,0,[1.],[-0.45274095  1.        ],"[1.0, 0.4527409487660052, 0.20497436668954253]","[1, 0.4527409487660052, 0.2154175443507776]","[0.0, 0.0, 0.010443177661235065]",0.010443177661235065,0.04847877034671697,2.2087686186230977,-2.2087686186230977,[1],,,0.0,[]
0.0174752840000768,0,0,[1.],[1.],"[1.0, 0.0, 0.0]","[1, 0.4453381214298439, 0.2085845359486588]","[0.0, 0.4453381214298439, 0.2085845359486588]",0.4453381214298439,1.0,,,,,,,
0.0174752840000768,0,1,[0.44533812 1.        ],[1.],"[1.0, 0.4453381214298439, 0.0]","[1, 0.4453381214298439, 0.2085845359486588]","[0.0, 0.0, 0.2085845359486588]",0.2085845359486588,1.0,,,,,,,
0.0174752840000768,1,0,[1.],[-0.44533812  1.        ],"[1.0, 0.4453381214298439, 0.19832604239866242]","[1, 0.4453381214298439, 0.2085845359486588]","[0.0, 0.0, 0.01025849354999639]",0.01025849354999639,0.0491814673764762,2.245484839225771,-2.245484839225771,[1],,,0.0,[]
0.0191791026167248,0,0,[1.],[1.],"[1.0, 0.0, 0.0]","[1, 0.4379354492936189, 0.2018899894536098]","[0.0, 0.4379354492936189, 0.2018899894536098]",0.4379354492936189,1.0,,,,,,,
0.0191791026167248,0,1,[0.43793545 1.        ],[1.],"[1.0, 0.4379354492936189, 0.0]","[1, 0.4379354492936189, 0.2018899894536098]","[0.0, 0.0, 0.2018899894536098]",0.2018899894536098,1.0,,,,,,,
0.0191791026167248,1,0,[1.],[-0.43793545  1.        ],"[1.0, 0.4379354492936189, 0.19178745774800385]","[1, 0.4379354492936189, 0.2018899894536098]","[0.0, 0.0, 0.01010253170560596]",0.01010253170560596,0.05003978519661727,2.2834415474083682,-2.2834415474083682,[1],,,0.0,[]
0.0210490414451202,0,0,[1.],[1.],"[1.0, 0.0, 0.0]","[1, 0.4305328806500256, 0.195306589988238]","[0.0, 0.4305328806500256, 0.195306589988238]",0.4305328806500256,1.0,,,,,,,
0.0210490414451202,0,1,[0.43053288 1.        ],[1.],"[1.0, 0.4305328806500256, 0.0]","[1, 0.4305328806500256, 0.195306589988238]","[0.0, 0.0, 0.195306589988238]",0.195306589988238,1.0,,,,,,,
0.0210490414451202,1,0,[1.],[-0.43053288  1.        ],"[1.0, 0.4305328806500256, 0.1853585613208092]","[1, 0.4305328806500256, 0.195306589988238]","[0.0, 0.0, 0.009948028667428804]",0.009948028667428804,0.0509354480462124,2.322702968679613,-2.322702968679613,[1],,,0.0,[]
0.0231012970008316,0,0,[1.],[1.],"[1.0, 0.0, 0.0]","[1, 0.4231304965701341, 0.1888378208473384]","[0.0, 0.4231304965701341, 0.1888378208473384]",0.4231304965701341,1.0,,,,,,,
0.0231012970008316,0,1,[0.4231305 1.       ],[1.],"[1.0, 0.4231304965701341, 0.0]","[1, 0.4231304965701341, 0.1888378208473384]","[0.0, 0.0, 0.1888378208473384]",0.1888378208473384,1.0,,,,,,,
0.0231012970008316,1,0,[1.],[-0.4231305  1.       ],"[1.0, 0.4231304965701341, 0.17903941712768826]","[1, 0.4231304965701341, 0.1888378208473384]","[0.0, 0.0, 0.009798403719650156]",0.009798403719650156,0.051887930477504556,2.3633370983796476,-2.3633370983796476,[1],,,0.0,[]
0.0253536449397011,0,0,[1.],[1.],"[1.0, 0.0, 0.0]","[1, 0.4157282422447028, 0.1824745218600782]","[0.0, 0.4157282422447028, 0.1824745218600782]",0.4157282422447028,1.0,,,,,,,
0.0253536449397011,0,1,[0.41572824 1.        ],[1.],"[1.0, 0.4157282422447028, 0.0]","[1, 0.4157282422447028, 0.1824745218600782]","[0.0, 0.0, 0.1824745218600782]",0.1824745218600782,1.0,,,,,,,
0.0253536449397011,1,0,[1.],[-0.41572824  1.        ],"[1.0, 0.4157282422447028, 0.17282997139987027]","[1, 0.4157282422447028, 0.1824745218600782]","[0.0, 0.0, 0.009644550460207929]",0.009644550460207929,0.05285423061748526,2.4054175261236828,-2.4054175261236828,[1],,,0.0,[]
0.0278255940220712,0,0,[1.],[1.],"[1.0, 0.0, 0.0]","[1, 0.4083262241139249, 0.1762192299469532]","[0.0, 0.4083262241139249, 0.1762192299469532]",0.4083262241139249,1.0,,,,,,,
0.0278255940220712,0,1,[0.40832622 1.        ],[1.],"[1.0, 0.4083262241139249, 0.0]","[1, 0.4083262241139249, 0.1762192299469532]","[0.0, 0.0, 0.1762192299469532]",0.1762192299469532,1.0,,,,,,,
0.0278255940220712,1,0,[1.],[-0.40832622  1.        ],"[1.0, 0.4083262241139249, 0.1667303052991352]","[1, 0.4083262241139249, 0.1762192299469532]","[0.0, 0.0, 0.009488924647817976]",0.009488924647817976,0.05384727109904181,2.449022230129886,-2.449022230129886,[1],,,0.0,[]
0.0305385550883341,0,0,[1.],[1.],"[1.0, 0.0, 0.0]","[1, 0.4009244581067744, 0.1700662397115664]","[0.0, 0.4009244581067744, 0.1700662397115664]",0.4009244581067744,1.0,,,,,,,
0.0305385550883341,0,1,[0.40092446 1.        ],[1.],"[1.0, 0.4009244581067744, 0.0]","[1, 0.4009244581067744, 0.1700662397115664]","[0.0, 0.0, 0.1700662397115664]",0.1700662397115664,1.0,,,,,,,
0.0305385550883341,1,0,[1.],[-0.40092446  1.        ],"[1.0, 0.4009244581067744, 0.1607404211082107]","[1, 0.4009244581067744, 0.1700662397115664]","[0.0, 0.0, 0.009325818603355684]",0.009325818603355684,0.054836389745385926,2.4942354595230993,-2.4942354595230993,[1],,,0.0,[]
0.0335160265093884,0,0,[1.],[1.],"[1.0, 0.0, 0.0]","[1, 0.3935229887085454, 0.164017832347333]","[0.0, 0.3935229887085454, 0.164017832347333]",0.3935229887085454,1.0,,,,,,,
0.0335160265093884,0,1,[0.39352299 1.        ],[1.],"[1.0, 0.3935229887085454, 0.0]","[1, 0.3935229887085454, 0.164017832347333]","[0.0, 0.0, 0.164017832347333]",0.164017832347333,1.0,,,,,,,
0.0335160265093884,1,0,[1.],[-0.39352299  1.        ],"[1.0, 0.3935229887085454, 0.15486034264210596]","[1, 0.3935229887085454, 0.164017832347333]","[0.0, 0.0, 0.009157489705227034]",0.009157489705227034,0.05583228100365722,2.541147604316019,-2.541147604316019,[1],,,0.0,[]
0.0367837977182863,0,0,[1.],[1.],"[1.0, 0.0, 0.0]","[1, 0.3861218670640604, 0.158074288018897]","[0.0, 0.3861218670640604, 0.158074288018897]",0.3861218670640604,1.0,,,,,,,
0.0367837977182863,0,1,[0.38612187 1.        ],[1.],"[1.0, 0.3861218670640604, 0.0]","[1, 0.3861218670640604, 0.158074288018897]","[0.0, 0.0, 0.158074288018897]",0.158074288018897,1.0,,,,,,,
0.0367837977182863,1,0,[1.],[-0.38612187  1.        ],"[1.0, 0.3861218670640604, 0.1490900962250359]","[1, 0.3861218670640604, 0.158074288018897]","[0.0, 0.0, 0.00898419179386109]",0.00898419179386109,0.05683525073215623,2.589855911564037,-2.589855911564037,[1],,,0.0,[]
0.0403701725859655,0,0,[1.],[1.],"[1.0, 0.0, 0.0]","[1, 0.3787211578652362, 0.1522379956623566]","[0.0, 0.3787211578652362, 0.1522379956623566]",0.3787211578652362,1.0,,,,,,,
0.0403701725859655,0,1,[0.37872116 1.        ],[1.],"[1.0, 0.3787211578652362, 0.0]","[1, 0.3787211578652362, 0.1522379956623566]","[0.0, 0.0, 0.1522379956623566]",0.1522379956623566,1.0,,,,,,,
0.0403701725859655,1,0,[1.],[-0.37872116  1.        ],"[1.0, 0.3787211578652362, 0.14342971541478516]","[1, 0.3787211578652362, 0.1522379956623566]","[0.0, 0.0, 0.008808280247571437]",0.008808280247571437,0.057858619388992866,2.6404651000666806,-2.6404651000666806,[1],,,0.0,[]
0.0443062145758388,0,0,[1.],[1.],"[1.0, 0.0, 0.0]","[1, 0.3713209333158868, 0.1465122971620654]","[0.0, 0.3713209333158868, 0.1465122971620654]",0.3713209333158868,1.0,,,,,,,
0.0443062145758388,0,1,[0.37132093 1.        ],[1.],"[1.0, 0.3713209333158868, 0.0]","[1, 0.3713209333158868, 0.1465122971620654]","[0.0, 0.0, 0.1465122971620654]",0.1465122971620654,1.0,,,,,,,
0.0443062145758388,1,0,[1.],[-0.37132093  1.        ],"[1.0, 0.3713209333158868, 0.13787923551858125]","[1, 0.3713209333158868, 0.1465122971620654]","[0.0, 0.0, 0.008633061643484152]",0.008633061643484152,0.058923802374995476,2.6930881355651692,-2.6930881355651692,[1],,,0.0,[]
0.0486260158006535,0,0,[1.],[1.],"[1.0, 0.0, 0.0]","[1, 0.3639212798579865, 0.1408973224860366]","[0.0, 0.3639212798579865, 0.1408973224860366]",0.3639212798579865,1.0,,,,,,,
0.0486260158006535,0,1,[0.36392128 1.        ],[1.],"[1.0, 0.3639212798579865, 0.0]","[1, 0.3639212798579865, 0.1408973224860366]","[0.0, 0.0, 0.1408973224860366]",0.1408973224860366,1.0,,,,,,,
0.0486260158006535,1,0,[1.],[-0.36392128  1.        ],"[1.0, 0.3639212798579865, 0.13243869793347493]","[1, 0.3639212798579865, 0.1408973224860366]","[0.0, 0.0, 0.008458624552561661]",0.008458624552561661,0.06003396234445789,2.7478470079854396,-2.7478470079854396,[1],,,0.0,[]
0.0533669923120631,0,0,[1.],[1.],"[1.0, 0.0, 0.0]","[1, 0.3565222995831195, 0.1353945393545126]","[0.0, 0.3565222995831195, 0.1353945393545126]",0.3565222995831195,1.0,,,,,,,
0.0533669923120631,0,1,[0.3565223 1.       ],[1.],"[1.0, 0.3565222995831195, 0.0]","[1, 0.3565222995831195, 0.1353945393545126]","[0.0, 0.0, 0.1353945393545126]",0.1353945393545126,1.0,,,,,,,
0.0533669923120631,1,0,[1.],[-0.3565223  1.       ],"[1.0, 0.3565222995831195, 0.1271081501000356]","[1, 0.3565222995831195, 0.1353945393545126]","[0.0, 0.0, 0.008286389254477]",0.008286389254477,0.061201798048739556,2.804873639515108,-2.804873639515108,[1],,,0.0,[]
0.0585702081805666,0,0,[1.],[1.],"[1.0, 0.0, 0.0]","[1, 0.3491241126136038, 0.1300036609698804]","[0.0, 0.3491241126136038, 0.1300036609698804]",0.3491241126136038,1.0,,,,,,,
0.0585702081805666,0,1,[0.34912411 1.        ],[1.],"[1.0, 0.3491241126136038, 0.0]","[1, 0.3491241126136038, 0.1300036609698804]","[0.0, 0.0, 0.1300036609698804]",0.1300036609698804,1.0,,,,,,,
0.0585702081805666,1,0,[1.],[-0.34912411  1.        ],"[1.0, 0.3491241126136038, 0.12188764600823632]","[1, 0.3491241126136038, 0.1300036609698804]","[0.0, 0.0, 0.008116014961644075]",0.008116014961644075,0.06242912623456362,2.864310896528533,-2.864310896528533,[1],,,0.0,[]
0.0642807311728432,0,0,[1.],[1.],"[1.0, 0.0, 0.0]","[1, 0.3417268589482709, 0.1247247442062948]","[0.0, 0.3417268589482709, 0.1247247442062948]",0.3417268589482709,1.0,,,,,,,
0.0642807311728432,0,1,[0.34172686 1.        ],[1.],"[1.0, 0.3417268589482709, 0.0]","[1, 0.3417268589482709, 0.1247247442062948]","[0.0, 0.0, 0.1247247442062948]",0.1247247442062948,1.0,,,,,,,
0.0642807311728432,1,0,[1.],[-0.34172686  1.        ],"[1.0, 0.3417268589482709, 0.11677724612665141]","[1, 0.3417268589482709, 0.1247247442062948]","[0.0, 0.0, 0.007947498079643386]",0.007947498079643386,0.06372029969047859,2.9263137321944472,-2.9263137321944472,[1],,,0.0,[]
0.0705480231071864,0,0,[1.],[1.],"[1.0, 0.0, 0.0]","[1, 0.3343307020481539, 0.1195583926552116]","[0.0, 0.3343307020481539, 0.1195583926552116]",0.3343307020481539,1.0,,,,,,,
0.0705480231071864,0,1,[0.3343307 1.       ],[1.],"[1.0, 0.3343307020481539, 0.0]","[1, 0.3343307020481539, 0.1195583926552116]","[0.0, 0.0, 0.1195583926552116]",0.1195583926552116,1.0,,,,,,,
0.0705480231071864,1,0,[1.],[-0.3343307  1.       ],"[1.0, 0.3343307020481539, 0.11177701833201147]","[1, 0.3343307020481539, 0.1195583926552116]","[0.0, 0.0, 0.007781374323200141]",0.007781374323200141,0.06508430023511985,2.9910504595416105,-2.9910504595416105,[1],,,0.0,[]
0.0774263682681127,0,0,[1.],[1.],"[1.0, 0.0, 0.0]","[1, 0.326935833748163, 0.1144959306893804]","[0.0, 0.326935833748163, 0.1144959306893804]",0.326935833748163,1.0,,,,,,,
0.0774263682681127,0,1,[0.32693583 1.        ],[1.],"[1.0, 0.326935833748163, 0.0]","[1, 0.326935833748163, 0.1144959306893804]","[0.0, 0.0, 0.1144959306893804]",0.1144959306893804,1.0,,,,,,,
0.0774263682681127,1,0,[1.],[-0.32693583  1.        ],"[1.0, 0.326935833748163, 0.10688703938860647]","[1, 0.326935833748163, 0.1144959306893804]","[0.0, 0.0, 0.007608891300773926]",0.007608891300773926,0.06645556095278465,3.058704176093144,-3.058704176093144,[1],,,0.0,[]
0.0849753435908644,0,0,[1.],[1.],"[1.0, 0.0, 0.0]","[1, 0.319542478422072, 0.109545643794132]","[0.0, 0.319542478422072, 0.109545643794132]",0.319542478422072,1.0,,,,,,,
0.0849753435908644,0,1,[0.31954248 1.        ],[1.],"[1.0, 0.319542478422072, 0.0]","[1, 0.319542478422072, 0.109545643794132]","[0.0, 0.0, 0.109545643794132]",0.109545643794132,1.0,,,,,,,
0.0849753435908644,1,0,[1.],[-0.31954248  1.        ],"[1.0, 0.319542478422072, 0.10210739551612036]","[1, 0.319542478422072, 0.109545643794132]","[0.0, 0.0, 0.007438248278011636]",0.007438248278011636,0.06790090432067075,3.1294743814283636,-3.1294743814283636,[1],,,0.0,[]
0.093260334688322,0,0,[1.],[1.],"[1.0, 0.0, 0.0]","[1, 0.3121508983638912, 0.1047055667191622]","[0.0, 0.3121508983638912, 0.1047055667191622]",0.3121508983638912,1.0,,,,,,,
0.093260334688322,0,1,[0.3121509 1.       ],[1.],"[1.0, 0.3121508983638912, 0.0]","[1, 0.3121508983638912, 0.1047055667191622]","[0.0, 0.0, 0.1047055667191622]",0.1047055667191622,1.0,,,,,,,
0.093260334688322,1,0,[1.],[-0.3121509  1.       ],"[1.0, 0.3121508983638912, 0.09743818334938434]","[1, 0.3121508983638912, 0.1047055667191622]","[0.0, 0.0, 0.007267383369777863]",0.007267383369777863,0.06940780320945301,3.2035787987201174,-3.2035787987201174,[1],,,0.0,[]
0.1023531021899026,0,0,[1.],[1.],"[1.0, 0.0, 0.0]","[1, 0.3047614005915244, 0.0999745001575856]","[0.0, 0.3047614005915244, 0.0999745001575856]",0.3047614005915244,1.0,,,,,,,
0.1023531021899026,0,1,[0.3047614 1.       ],[1.],"[1.0, 0.3047614005915244, 0.0]","[1, 0.3047614005915244, 0.0999745001575856]","[0.0, 0.0, 0.0999745001575856]",0.0999745001575856,1.0,,,,,,,
0.1023531021899026,1,0,[1.],[-0.3047614  1.       ],"[1.0, 0.3047614005915244, 0.09287951129050762]","[1, 0.3047614005915244, 0.0999745001575856]","[0.0, 0.0, 0.007094988867077989]",0.007094988867077989,0.07096798539522034,3.281255428210585,-3.281255428210585,[1],,,0.0,[]
0.1123324032978027,0,0,[1.],[1.],"[1.0, 0.0, 0.0]","[1, 0.2973743427461334, 0.0953546668154718]","[0.0, 0.2973743427461334, 0.0953546668154718]",0.2973743427461334,1.0,,,,,,,
0.1123324032978027,0,1,[0.29737434 1.        ],[1.],"[1.0, 0.2973743427461334, 0.0]","[1, 0.2973743427461334, 0.0953546668154718]","[0.0, 0.0, 0.0953546668154718]",0.0953546668154718,1.0,,,,,,,
0.1123324032978027,1,0,[1.],[-0.29737434  1.        ],"[1.0, 0.2973743427461334, 0.08843149972369482]","[1, 0.2973743427461334, 0.0953546668154718]","[0.0, 0.0, 0.006923167091776983]",0.006923167091776983,0.07260438658104211,3.362764893451799,-3.362764893451799,[1],,,0.0,[]
0.1232846739442066,0,0,[1.],[1.],"[1.0, 0.0, 0.0]","[1, 0.2899901420082654, 0.0908463634301058]","[0.0, 0.2899901420082654, 0.0908463634301058]",0.2899901420082654,1.0,,,,,,,
0.1232846739442066,0,1,[0.28999014 1.        ],[1.],"[1.0, 0.2899901420082654, 0.0]","[1, 0.2899901420082654, 0.0908463634301058]","[0.0, 0.0, 0.0908463634301058]",0.0908463634301058,1.0,,,,,,,
0.1232846739442066,1,0,[1.],[-0.28999014  1.        ],"[1.0, 0.2899901420082654, 0.08409428246197392]","[1, 0.2899901420082654, 0.0908463634301058]","[0.0, 0.0, 0.006752080968131874]",0.006752080968131874,0.07432417449848394,3.4483930835535013,-3.4483930835535013,[1],,,0.0,[]
0.1353047774579807,0,0,[1.],[1.],"[1.0, 0.0, 0.0]","[1, 0.2826092845046715, 0.0864490086223306]","[0.0, 0.2826092845046715, 0.0864490086223306]",0.2826092845046715,1.0,,,,,,,
0.1353047774579807,0,1,[0.28260928 1.        ],[1.],"[1.0, 0.2826092845046715, 0.0]","[1, 0.2826092845046715, 0.0864490086223306]","[0.0, 0.0, 0.0864490086223306]",0.0864490086223306,1.0,,,,,,,
0.1353047774579807,1,0,[1.],[-0.28260928  1.        ],"[1.0, 0.2826092845046715, 0.07986800768824236]","[1, 0.2826092845046715, 0.0864490086223306]","[0.0, 0.0, 0.006581000934088241]",0.006581000934088241,0.07612581149239814,3.538454165625511,-3.538454165625511,[1],,,0.0,[]
0.1484968262254465,0,0,[1.],[1.],"[1.0, 0.0, 0.0]","[1, 0.2752323351390025, 0.0821623985581118]","[0.0, 0.2752323351390025, 0.0821623985581118]",0.2752323351390025,1.0,,,,,,,
0.1484968262254465,0,1,[0.27523234 1.        ],[1.],"[1.0, 0.2752323351390025, 0.0]","[1, 0.2752323351390025, 0.0821623985581118]","[0.0, 0.0, 0.0821623985581118]",0.0821623985581118,1.0,,,,,,,
0.1484968262254465,1,0,[1.],[-0.27523234  1.        ],"[1.0, 0.2752323351390025, 0.0757528383060682]","[1, 0.2752323351390025, 0.0821623985581118]","[0.0, 0.0, 0.006409560252043603]",0.006409560252043603,0.0780108707209935,3.6332940295512985,-3.6332940295512985,[1],,,0.0,[]
0.1629750834620644,0,0,[1.],[1.],"[1.0, 0.0, 0.0]","[1, 0.2678599505978332, 0.0779871804695046]","[0.0, 0.2678599505978332, 0.0779871804695046]",0.2678599505978332,1.0,,,,,,,
0.1629750834620644,0,1,[0.26785995 1.        ],[1.],"[1.0, 0.2678599505978332, 0.0]","[1, 0.2678599505978332, 0.0779871804695046]","[0.0, 0.0, 0.0779871804695046]",0.0779871804695046,1.0,,,,,,,
0.1629750834620644,1,0,[1.],[-0.26785995  1.        ],"[1.0, 0.2678599505978332, 0.07174895313427364]","[1, 0.2678599505978332, 0.0779871804695046]","[0.0, 0.0, 0.006238227335230967]",0.006238227335230967,0.07999042019053768,3.733294200077738,-3.733294200077738,[1],,,0.0,[]
0.1788649529057435,0,0,[1.],[1.],"[1.0, 0.0, 0.0]","[1, 0.2604928906048563, 0.0739221674643252]","[0.0, 0.2604928906048563, 0.0739221674643252]",0.2604928906048563,1.0,,,,,,,
0.1788649529057435,0,1,[0.26049289 1.        ],[1.],"[1.0, 0.2604928906048563, 0.0]","[1, 0.2604928906048563, 0.0739221674643252]","[0.0, 0.0, 0.0739221674643252]",0.0739221674643252,1.0,,,,,,,
0.1788649529057435,1,0,[1.],[-0.26049289  1.        ],"[1.0, 0.2604928906048563, 0.06785654605567364]","[1, 0.2604928906048563, 0.0739221674643252]","[0.0, 0.0, 0.006065621408651564]",0.006065621408651564,0.08205416070326713,3.8388763611860246,-3.8388763611860246,[1],,,0.0,[]
0.1963040650040271,0,0,[1.],[1.],"[1.0, 0.0, 0.0]","[1, 0.2531320443570395, 0.0699686605322062]","[0.0, 0.2531320443570395, 0.0699686605322062]",0.2531320443570395,1.0,,,,,,,
0.1963040650040271,0,1,[0.25313204 1.        ],[1.],"[1.0, 0.2531320443570395, 0.0]","[1, 0.2531320443570395, 0.0699686605322062]","[0.0, 0.0, 0.0699686605322062]",0.0699686605322062,1.0,,,,,,,
0.1963040650040271,1,0,[1.],[-0.25313204  1.        ],"[1.0, 0.2531320443570395, 0.06407583188037422]","[1, 0.2531320443570395, 0.0699686605322062]","[0.0, 0.0, 0.00589282865183198]",0.00589282865183198,0.0842209727470707,3.950507343074719,-3.950507343074719,[1],,,0.0,[]
0.2154434690031884,0,0,[1.],[1.],"[1.0, 0.0, 0.0]","[1, 0.2457784273466698, 0.0661266824034028]","[0.0, 0.2457784273466698, 0.0661266824034028]",0.2457784273466698,1.0,,,,,,,
0.2154434690031884,0,1,[0.24577843 1.        ],[1.],"[1.0, 0.2457784273466698, 0.0]","[1, 0.2457784273466698, 0.0661266824034028]","[0.0, 0.0, 0.0661266824034028]",0.0661266824034028,1.0,,,,,,,
0.2154434690031884,1,0,[1.],[-0.24577843  1.        ],"[1.0, 0.2457784273466698, 0.06040703534900224]","[1, 0.2457784273466698, 0.0661266824034028]","[0.0, 0.0, 0.005719647054400562]",0.005719647054400562,0.08649529730688917,4.0687053408048,-4.0687053408048,[1],,,0.0,[]
0.2364489412645408,0,0,[1.],[1.],"[1.0, 0.0, 0.0]","[1, 0.2384332219564157, 0.0623965111249038]","[0.0, 0.2384332219564157, 0.0623965111249038]",0.2384332219564157,1.0,,,,,,,
0.2364489412645408,0,1,[0.23843322 1.        ],[1.],"[1.0, 0.2384332219564157, 0.0]","[1, 0.2384332219564157, 0.0623965111249038]","[0.0, 0.0, 0.0623965111249038]",0.0623965111249038,1.0,,,,,,,
0.2364489412645408,1,0,[1.],[-0.23843322  1.        ],"[1.0, 0.2384332219564157, 0.05685040133251739]","[1, 0.2384332219564157, 0.0623965111249038]","[0.0, 0.0, 0.005546109792386407]",0.005546109792386407,0.0888849343080151,4.194046415993131,-4.194046415993131,[1],,,0.0,[]
0.2595024211399737,0,0,[1.],[1.],"[1.0, 0.0, 0.0]","[1, 0.2310977896426697, 0.058778687646918]","[0.0, 0.2310977896426697, 0.058778687646918]",0.2310977896426697,1.0,,,,,,,
0.2595024211399737,0,1,[0.23109779 1.        ],[1.],"[1.0, 0.2310977896426697, 0.0]","[1, 0.2310977896426697, 0.058778687646918]","[0.0, 0.0, 0.058778687646918]",0.058778687646918,1.0,,,,,,,
0.2595024211399737,1,0,[1.],[-0.23109779  1.        ],"[1.0, 0.2310977896426697, 0.05340618837772761]","[1, 0.2310977896426697, 0.058778687646918]","[0.0, 0.0, 0.005372499269190388]",0.005372499269190388,0.09140216436036896,4.327172499339911,-4.327172499339911,[1],,,0.0,[]
0.2848035868435802,0,0,[1.],[1.],"[1.0, 0.0, 0.0]","[1, 0.2237736981169569, 0.0552731471685046]","[0.0, 0.2237736981169569, 0.0552731471685046]",0.2237736981169569,1.0,,,,,,,
0.2848035868435802,0,1,[0.2237737 1.       ],[1.],"[1.0, 0.2237736981169569, 0.0]","[1, 0.2237736981169569, 0.0552731471685046]","[0.0, 0.0, 0.0552731471685046]",0.0552731471685046,1.0,,,,,,,
0.2848035868435802,1,0,[1.],[-0.2237737  1.       ],"[1.0, 0.2237736981169569, 0.05007466796893897]","[1, 0.2237736981169569, 0.0552731471685046]","[0.0, 0.0, 0.005198479199565634]",0.005198479199565634,0.09405071840251207,4.468800437294212,-4.468800437294212,[1],,,0.0,[]
0.3125715849688237,0,0,[1.],[1.],"[1.0, 0.0, 0.0]","[1, 0.2164627486880633, 0.0518800689704766]","[0.0, 0.2164627486880633, 0.0518800689704766]",0.2164627486880633,1.0,,,,,,,
0.3125715849688237,0,1,[0.21646275 1.        ],[1.],"[1.0, 0.2164627486880633, 0.0]","[1, 0.2164627486880633, 0.0518800689704766]","[0.0, 0.0, 0.0518800689704766]",0.0518800689704766,1.0,,,,,,,
0.3125715849688237,1,0,[1.],[-0.21646275  1.        ],"[1.0, 0.2164627486880633, 0.04685612156959165]","[1, 0.2164627486880633, 0.0518800689704766]","[0.0, 0.0, 0.005023947400884951]",0.005023947400884951,0.09683771630573447,4.619732522389171,-4.619732522389171,[1],,,0.0,[]
0.3430469286314919,0,0,[1.],[1.],"[1.0, 0.0, 0.0]","[1, 0.2091670074307782, 0.048599880167839]","[0.0, 0.2091670074307782, 0.048599880167839]",0.2091670074307782,1.0,,,,,,,
0.3430469286314919,0,1,[0.20916701 1.        ],[1.],"[1.0, 0.2091670074307782, 0.0]","[1, 0.2091670074307782, 0.048599880167839]","[0.0, 0.0, 0.048599880167839]",0.048599880167839,1.0,,,,,,,
0.3430469286314919,1,0,[1.],[-0.20916701  1.        ],"[1.0, 0.2091670074307782, 0.04375083699754723]","[1, 0.2091670074307782, 0.048599880167839]","[0.0, 0.0, 0.004849043170291771]",0.004849043170291771,0.09977479684200186,4.780868705266247,-4.780868705266247,[1],,,0.0,[]
0.3764935806792469,0,0,[1.],[1.],"[1.0, 0.0, 0.0]","[1, 0.2018888385801438, 0.045432636563187]","[0.0, 0.2018888385801438, 0.045432636563187]",0.2018888385801438,1.0,,,,,,,
0.3764935806792469,0,1,[0.20188884 1.        ],[1.],"[1.0, 0.2018888385801438, 0.0]","[1, 0.2018888385801438, 0.045432636563187]","[0.0, 0.0, 0.045432636563187]",0.045432636563187,1.0,,,,,,,
0.3764935806792469,1,0,[1.],[-0.20188884  1.        ],"[1.0, 0.2018888385801438, 0.04075910314323936]","[1, 0.2018888385801438, 0.045432636563187]","[0.0, 0.0, 0.00467353341994764]",0.00467353341994764,0.10286731683396279,4.953220827029672,-4.953220827029672,[1],,,0.0,[]
0.4132012400115338,0,0,[1.],[1.],"[1.0, 0.0, 0.0]","[1, 0.1946309412126037, 0.042378833063126]","[0.0, 0.1946309412126037, 0.042378833063126]",0.1946309412126037,1.0,,,,,,,
0.4132012400115338,0,1,[0.19463094 1.        ],[1.],"[1.0, 0.1946309412126037, 0.0]","[1, 0.1946309412126037, 0.042378833063126]","[0.0, 0.0, 0.042378833063126]",0.042378833063126,1.0,,,,,,,
0.4132012400115338,1,0,[1.],[-0.19463094  1.        ],"[1.0, 0.1946309412126037, 0.037881203277303994]","[1, 0.1946309412126037, 0.042378833063126]","[0.0, 0.0, 0.004497629785822008]",0.004497629785822008,0.1061291560133923,5.137929220142122,-5.137929220142122,[1],,,0.0,[]
0.4534878508128584,0,0,[1.],[1.],"[1.0, 0.0, 0.0]","[1, 0.1873963888843918, 0.0394387264873402]","[0.0, 0.1873963888843918, 0.0394387264873402]",0.1873963888843918,1.0,,,,,,,
0.4534878508128584,0,1,[0.18739639 1.        ],[1.],"[1.0, 0.1873963888843918, 0.0]","[1, 0.1873963888843918, 0.0394387264873402]","[0.0, 0.0, 0.0394387264873402]",0.0394387264873402,1.0,,,,,,,
0.4534878508128584,1,0,[1.],[-0.18739639  1.        ],"[1.0, 0.1873963888843918, 0.0351174065669102]","[1, 0.1873963888843918, 0.0394387264873402]","[0.0, 0.0, 0.00432131992043]",0.00432131992043,0.10957047311903288,5.3362821234347155,-5.3362821234347155,[1],,,0.0,[]
0.4977023564332111,0,0,[1.],[1.],"[1.0, 0.0, 0.0]","[1, 0.1801886718528174, 0.0366125876574242]","[0.0, 0.1801886718528174, 0.0366125876574242]",0.1801886718528174,1.0,,,,,,,
0.4977023564332111,0,1,[0.18018867 1.        ],[1.],"[1.0, 0.1801886718528174, 0.0]","[1, 0.1801886718528174, 0.0366125876574242]","[0.0, 0.0, 0.0366125876574242]",0.0366125876574242,1.0,,,,,,,
0.4977023564332111,1,0,[1.],[-0.18018867  1.        ],"[1.0, 0.1801886718528174, 0.032467957464082306]","[1, 0.1801886718528174, 0.0366125876574242]","[0.0, 0.0, 0.004144630193341894]",0.004144630193341894,0.11320232899466907,5.549738447580239,-5.549738447580239,[1],,,0.0,[]
0.5462277217684343,0,0,[1.],[1.],"[1.0, 0.0, 0.0]","[1, 0.1730117415852518, 0.0339006688983978]","[0.0, 0.1730117415852518, 0.0339006688983978]",0.1730117415852518,1.0,,,,,,,
0.5462277217684343,0,1,[0.17301174 1.        ],[1.],"[1.0, 0.1730117415852518, 0.0]","[1, 0.1730117415852518, 0.0339006688983978]","[0.0, 0.0, 0.0339006688983978]",0.0339006688983978,1.0,,,,,,,
0.5462277217684343,1,0,[1.],[-0.17301174  1.        ],"[1.0, 0.1730117415852518, 0.029933062726361943]","[1, 0.1730117415852518, 0.0339006688983978]","[0.0, 0.0, 0.00396760617203586]",0.00396760617203586,0.11703622084646757,5.779954532780936,-5.779954532780936,[1],,,0.0,[]
0.5994842503189411,0,0,[1.],[1.],"[1.0, 0.0, 0.0]","[1, 0.1658700588030826, 0.0313032040317896]","[0.0, 0.1658700588030826, 0.0313032040317896]",0.1658700588030826,1.0,,,,,,,
0.5994842503189411,0,1,[0.16587006 1.        ],[1.],"[1.0, 0.1658700588030826, 0.0]","[1, 0.1658700588030826, 0.0313032040317896]","[0.0, 0.0, 0.0313032040317896]",0.0313032040317896,1.0,,,,,,,
0.5994842503189411,1,0,[1.],[-0.16587006  1.        ],"[1.0, 0.1658700588030826, 0.027512876407338075]","[1, 0.1658700588030826, 0.0313032040317896]","[0.0, 0.0, 0.003790327624451525]",0.003790327624451525,0.121084334389614,6.028815611545534,-6.028815611545534,[1],,,0.0,[]
0.6579332246575682,0,0,[1.],[1.],"[1.0, 0.0, 0.0]","[1, 0.1587686382337253, 0.0288203606280774]","[0.0, 0.1587686382337253, 0.0288203606280774]",0.1587686382337253,1.0,,,,,,,
0.6579332246575682,0,1,[0.15876864 1.        ],[1.],"[1.0, 0.1587686382337253, 0.0]","[1, 0.1587686382337253, 0.0288203606280774]","[0.0, 0.0, 0.0288203606280774]",0.0288203606280774,1.0,,,,,,,
0.6579332246575682,1,0,[1.],[-0.15876864  1.        ],"[1.0, 0.1587686382337253, 0.025207480486591542]","[1, 0.1587686382337253, 0.0288203606280774]","[0.0, 0.0, 0.0036128801414858566]",0.0036128801414858566,0.12535860283323844,6.298473118651351,-6.298473118651351,[1],,,0.0,[]
0.7220809018385468,0,0,[1.],[1.],"[1.0, 0.0, 0.0]","[1, 0.1517130994659316, 0.0264522638622798]","[0.0, 0.1517130994659316, 0.0264522638622798]",0.1517130994659316,1.0,,,,,,,
0.7220809018385468,0,1,[0.1517131 1.       ],[1.],"[1.0, 0.1517130994659316, 0.0]","[1, 0.1517130994659316, 0.0264522638622798]","[0.0, 0.0, 0.0264522638622798]",0.0264522638622798,1.0,,,,,,,
0.7220809018385468,1,0,[1.],[-0.1517131  1.       ],"[1.0, 0.1517130994659316, 0.023016864549559653]","[1, 0.1517130994659316, 0.0264522638622798]","[0.0, 0.0, 0.003435399312720147]",0.003435399312720147,0.12987165599912723,6.591388637634143,-6.591388637634143,[1],,,0.0,[]
0.7924828983539177,0,0,[1.],[1.],"[1.0, 0.0, 0.0]","[1, 0.1447097121125911, 0.0241989717441932]","[0.0, 0.1447097121125911, 0.0241989717441932]",0.1447097121125911,1.0,,,,,,,
0.7924828983539177,0,1,[0.14470971 1.        ],[1.],"[1.0, 0.1447097121125911, 0.0]","[1, 0.1447097121125911, 0.0241989717441932]","[0.0, 0.0, 0.0241989717441932]",0.0241989717441932,1.0,,,,,,,
0.7924828983539177,1,0,[1.],[-0.14470971  1.        ],"[1.0, 0.1447097121125911, 0.020940900779708994]","[1, 0.1447097121125911, 0.0241989717441932]","[0.0, 0.0, 0.003258070964484206]",0.003258070964484206,0.13463675229365954,6.910386216662169,-6.910386216662169,[1],,,0.0,[]
0.8697490026177834,0,0,[1.],[1.],"[1.0, 0.0, 0.0]","[1, 0.1377654398991385, 0.0220604153173256]","[0.0, 0.1377654398991385, 0.0220604153173256]",0.1377654398991385,1.0,,,,,,,
0.8697490026177834,0,1,[0.13776544 1.        ],[1.],"[1.0, 0.1377654398991385, 0.0]","[1, 0.1377654398991385, 0.0220604153173256]","[0.0, 0.0, 0.0220604153173256]",0.0220604153173256,1.0,,,,,,,
0.8697490026177834,1,0,[1.],[-0.13776544  1.        ],"[1.0, 0.1377654398991385, 0.018979316430603143]","[1, 0.1377654398991385, 0.0220604153173256]","[0.0, 0.0, 0.0030810988867224567]",0.0030810988867224567,0.13966640439006842,7.258714527621186,-7.258714527621186,[1],,,0.0,[]
0.9545484566618342,0,0,[1.],[1.],"[1.0, 0.0, 0.0]","[1, 0.1308879794969693, 0.0200364164598414]","[0.0, 0.1308879794969693, 0.0200364164598414]",0.1308879794969693,1.0,,,,,,,
0.9545484566618342,0,1,[0.13088798 1.        ],[1.],"[1.0, 0.1308879794969693, 0.0]","[1, 0.1308879794969693, 0.0200364164598414]","[0.0, 0.0, 0.0200364164598414]",0.0200364164598414,1.0,,,,,,,
0.9545484566618342,1,0,[1.],[-0.13088798  1.        ],"[1.0, 0.1308879794969693, 0.017131663176799053]","[1, 0.1308879794969693, 0.0200364164598414]","[0.0, 0.0, 0.002904753283042346]",0.002904753283042346,0.14497369271916896,7.6401209938698385,-7.6401209938698385,[1],,,0.0,[]
1.0476157527896652,0,0,[1.],[1.],"[1.0, 0.0, 0.0]","[1, 0.1240857919613327, 0.0181266122176872]","[0.0, 0.1240857919613327, 0.0181266122176872]",0.1240857919613327,1.0,,,,,,,
1.0476157527896652,0,1,[0.12408579 1.        ],[1.],"[1.0, 0.1240857919613327, 0.0]","[1, 0.1240857919613327, 0.0181266122176872]","[0.0, 0.0, 0.0181266122176872]",0.0181266122176872,1.0,,,,,,,
1.0476157527896652,1,0,[1.],[-0.12408579  1.        ],"[1.0, 0.1240857919613327, 0.015397283766671137]","[1, 0.1240857919613327, 0.0181266122176872]","[0.0, 0.0, 0.002729328451016061]",0.002729328451016061,0.15057024546224335,8.058940384662392,-8.058940384662392,[1],,,0.0,[]
1.149756995397737,0,0,[1.],[1.],"[1.0, 0.0, 0.0]","[1, 0.1173681238264105, 0.016330466653833]","[0.0, 0.1173681238264105, 0.016330466653833]",0.1173681238264105,1.0,,,,,,,
1.149756995397737,0,1,[0.11736812 1.        ],[1.],"[1.0, 0.1173681238264105, 0.0]","[1, 0.1173681238264105, 0.016330466653833]","[0.0, 0.0, 0.016330466653833]",0.016330466653833,1.0,,,,,,,
1.149756995397737,1,0,[1.],[-0.11736812  1.        ],"[1.0, 0.1173681238264105, 0.013775276490531629]","[1, 0.1173681238264105, 0.016330466653833]","[0.0, 0.0, 0.0025551901633013713]",0.0025551901633013713,0.1564676758763431,8.520200948930711,-8.520200948930711,[1],,,0.0,[]
1.261856883066021,0,0,[1.],[1.],"[1.0, 0.0, 0.0]","[1, 0.1107450145859144, 0.0146472182693814]","[0.0, 0.1107450145859144, 0.0146472182693814]",0.1107450145859144,1.0,,,,,,,
1.261856883066021,0,1,[0.11074501 1.        ],[1.],"[1.0, 0.1107450145859144, 0.0]","[1, 0.1107450145859144, 0.0146472182693814]","[0.0, 0.0, 0.0146472182693814]",0.0146472182693814,1.0,,,,,,,
1.261856883066021,1,0,[1.],[-0.11074501  1.        ],"[1.0, 0.1107450145859144, 0.012264458255634395]","[1, 0.1107450145859144, 0.0146472182693814]","[0.0, 0.0, 0.0023827600137470047]",0.0023827600137470047,0.1626766236376729,9.029751846971083,-9.029751846971083,[1],,,0.0,[]
1.384886371393873,0,0,[1.],[1.],"[1.0, 0.0, 0.0]","[1, 0.1042272868795914, 0.0130758423049338]","[0.0, 0.1042272868795914, 0.0130758423049338]",0.1042272868795914,1.0,,,,,,,
1.384886371393873,0,1,[0.10422729 1.        ],[1.],"[1.0, 0.1042272868795914, 0.0]","[1, 0.1042272868795914, 0.0130758423049338]","[0.0, 0.0, 0.0130758423049338]",0.0130758423049338,1.0,,,,,,,
1.384886371393873,1,0,[1.],[-0.10422729  1.        ],"[1.0, 0.1042272868795914, 0.010863327330280646]","[1, 0.1042272868795914, 0.0130758423049338]","[0.0, 0.0, 0.002212514974653154]",0.002212514974653154,0.1692063060303445,9.594416490522777,-9.594416490522777,[1],,,0.0,[]
1.5199110829529348,0,0,[1.],[1.],"[1.0, 0.0, 0.0]","[1, 0.0978265154893023, 0.0116150169624744]","[0.0, 0.0978265154893023, 0.0116150169624744]",0.0978265154893023,1.0,,,,,,,
1.5199110829529348,0,1,[0.09782652 1.        ],[1.],"[1.0, 0.0978265154893023, 0.0]","[1, 0.0978265154893023, 0.0116150169624744]","[0.0, 0.0, 0.0116150169624744]",0.0116150169624744,1.0,,,,,,,
1.5199110829529348,1,0,[1.],[-0.09782652  1.        ],"[1.0, 0.0978265154893023, 0.009570027132778701]","[1, 0.0978265154893023, 0.0116150169624744]","[0.0, 0.0, 0.002044989829695698]",0.002044989829695698,0.17606429988889527,10.222177443388075,-10.222177443388075,[1],,,0.0,[]
1.6681005372000592,0,0,[1.],[1.],"[1.0, 0.0, 0.0]","[1, 0.0915549711079691, 0.0102630812342116]","[0.0, 0.0915549711079691, 0.0102630812342116]",0.0915549711079691,1.0,,,,,,,
1.6681005372000592,0,1,[0.09155497 1.        ],[1.],"[1.0, 0.0915549711079691, 0.0]","[1, 0.0915549711079691, 0.0102630812342116]","[0.0, 0.0, 0.0102630812342116]",0.0102630812342116,1.0,,,,,,,
1.6681005372000592,1,0,[1.],[-0.09155497  1.        ],"[1.0, 0.0915549711079691, 0.008382312734581057]","[1, 0.0915549711079691, 0.0102630812342116]","[0.0, 0.0, 0.0018807684996305432]",0.0018807684996305432,0.1832557354570157,10.922399820548447,-10.922399820548447,[1],,,0.0,[]
1.8307382802953696,0,0,[1.],[1.],"[1.0, 0.0, 0.0]","[1, 0.0854255350117286, 0.0090180071006132]","[0.0, 0.0854255350117286, 0.0090180071006132]",0.0854255350117286,1.0,,,,,,,
1.8307382802953696,0,1,[0.08542554 1.        ],[1.],"[1.0, 0.0854255350117286, 0.0]","[1, 0.0854255350117286, 0.0090180071006132]","[0.0, 0.0, 0.0090180071006132]",0.0090180071006132,1.0,,,,,,,
1.8307382802953696,1,0,[1.],[-0.08542554  1.        ],"[1.0, 0.0854255350117286, 0.007297522032040069]","[1, 0.0854255350117286, 0.0090180071006132]","[0.0, 0.0, 0.0017204850685731306]",0.0017204850685731306,0.1907832905183832,11.706101692692984,-11.706101692692984,[1],,,0.0,[]
2.009233002565048,0,0,[1.],[1.],"[1.0, 0.0, 0.0]","[1, 0.0794515811344389, 0.0078773632573212]","[0.0, 0.0794515811344389, 0.0078773632573212]",0.0794515811344389,1.0,,,,,,,
2.009233002565048,0,1,[0.07945158 1.        ],[1.],"[1.0, 0.0794515811344389, 0.0]","[1, 0.0794515811344389, 0.0078773632573212]","[0.0, 0.0, 0.0078773632573212]",0.0078773632573212,1.0,,,,,,,
2.009233002565048,1,0,[1.],[-0.07945158  1.        ],"[1.0, 0.0794515811344389, 0.006312553744762327]","[1, 0.0794515811344389, 0.0078773632573212]","[0.0, 0.0, 0.0015648095125588724]",0.0015648095125588724,0.1986463568383168,12.586281930726011,-12.586281930726011,[1],,,0.0,[]
2.205130739903045,0,0,[1.],[1.],"[1.0, 0.0, 0.0]","[1, 0.0736468227788558, 0.0068382924184744]","[0.0, 0.0736468227788558, 0.0068382924184744]",0.0736468227788558,1.0,,,,,,,
2.205130739903045,0,1,[0.07364682 1.        ],[1.],"[1.0, 0.0736468227788558, 0.0]","[1, 0.0736468227788558, 0.0068382924184744]","[0.0, 0.0, 0.0068382924184744]",0.0068382924184744,1.0,,,,,,,
2.205130739903045,1,0,[1.],[-0.07364682  1.        ],"[1.0, 0.0736468227788558, 0.005423854505420193]","[1, 0.0736468227788558, 0.0068382924184744]","[0.0, 0.0, 0.001414437913054207]",0.001414437913054207,0.20684080564220203,13.578318279972054,-13.578318279972054,[1],,,0.0,[]
2.420128264794384,0,0,[1.],[1.],"[1.0, 0.0, 0.0]","[1, 0.0680251224382491, 0.005897487011777]","[0.0, 0.0680251224382491, 0.005897487011777]",0.0680251224382491,1.0,,,,,,,
2.420128264794384,0,1,[0.06802512 1.        ],[1.],"[1.0, 0.0680251224382491, 0.0]","[1, 0.0680251224382491, 0.005897487011777]","[0.0, 0.0, 0.005897487011777]",0.005897487011777,1.0,,,,,,,
2.420128264794384,1,0,[1.],[-0.06802512  1.        ],"[1.0, 0.0680251224382491, 0.004627417282738781]","[1, 0.0680251224382491, 0.005897487011777]","[0.0, 0.0, 0.001270069729038219]",0.001270069729038219,0.21535778315440973,14.700451306173923,-14.700451306173923,[1],,,0.0,[]
2.656087782946687,0,0,[1.],[1.],"[1.0, 0.0, 0.0]","[1, 0.0626002647713946, 0.0050511875534064]","[0.0, 0.0626002647713946, 0.0050511875534064]",0.0626002647713946,1.0,,,,,,,
2.656087782946687,0,1,[0.06260026 1.        ],[1.],"[1.0, 0.0626002647713946, 0.0]","[1, 0.0626002647713946, 0.0050511875534064]","[0.0, 0.0, 0.0050511875534064]",0.0050511875534064,1.0,,,,,,,
2.656087782946687,1,0,[1.],[-0.06260026  1.        ],"[1.0, 0.0626002647713946, 0.003918793149448708]","[1, 0.0626002647713946, 0.0050511875534064]","[0.0, 0.0, 0.001132394403957692]",0.001132394403957692,0.22418379677745925,15.974373329758714,-15.974373329758714,[1],,,0.0,[]
2.9150530628251787,0,0,[1.],[1.],"[1.0, 0.0, 0.0]","[1, 0.0573856948784494, 0.0042951841787212]","[0.0, 0.0573856948784494, 0.0042951841787212]",0.0573856948784494,1.0,,,,,,,
2.9150530628251787,0,1,[0.05738569 1.        ],[1.],"[1.0, 0.0573856948784494, 0.0]","[1, 0.0573856948784494, 0.0042951841787212]","[0.0, 0.0, 0.0042951841787212]",0.0042951841787212,1.0,,,,,,,
2.9150530628251787,1,0,[1.],[-0.05738569  1.        ],"[1.0, 0.0573856948784494, 0.0032931179766824935]","[1, 0.0573856948784494, 0.0042951841787212]","[0.0, 0.0, 0.0010020662020387063]",0.0010020662020387063,0.233299937870662,17.425945649314418,-17.425945649314418,[1],,,0.0,[]
3.1992671377973845,0,0,[1.],[1.],"[1.0, 0.0, 0.0]","[1, 0.0523942265436215, 0.0036248356432596]","[0.0, 0.0523942265436215, 0.0036248356432596]",0.0523942265436215,1.0,,,,,,,
3.1992671377973845,0,1,[0.05239423 1.        ],[1.],"[1.0, 0.0523942265436215, 0.0]","[1, 0.0523942265436215, 0.0036248356432596]","[0.0, 0.0, 0.0036248356432596]",0.0036248356432596,1.0,,,,,,,
3.1992671377973845,1,0,[1.],[-0.05239423  1.        ],"[1.0, 0.0523942265436215, 0.0027451549751043316]","[1, 0.0523942265436215, 0.0036248356432596]","[0.0, 0.0, 0.0008796806681552684]",0.0008796806681552684,0.24268153227610167,19.08607237798304,-19.08607237798304,[1],,,0.0,[]
3.511191734215134,0,0,[1.],[1.],"[1.0, 0.0, 0.0]","[1, 0.0476377278976579, 0.0030351022887778]","[0.0, 0.0476377278976579, 0.0030351022887778]",0.0476377278976579,1.0,,,,,,,
3.511191734215134,0,1,[0.04763773 1.        ],[1.],"[1.0, 0.0476377278976579, 0.0]","[1, 0.0476377278976579, 0.0030351022887778]","[0.0, 0.0, 0.0030351022887778]",0.0030351022887778,1.0,,,,,,,
3.511191734215134,1,0,[1.],[-0.04763773  1.        ],"[1.0, 0.0476377278976579, 0.0022693531192512933]","[1, 0.0476377278976579, 0.0030351022887778]","[0.0, 0.0, 0.0007657491695265066]",0.0007657491695265066,0.25229764820706085,20.991765227517597,-20.991765227517597,[1],,,0.0,[]
3.8535285937105312,0,0,[1.],[1.],"[1.0, 0.0, 0.0]","[1, 0.043126794927282, 0.0025205963076954]","[0.0, 0.043126794927282, 0.0025205963076954]",0.043126794927282,1.0,,,,,,,
3.8535285937105312,0,1,[0.04312679 1.        ],[1.],"[1.0, 0.043126794927282, 0.0]","[1, 0.043126794927282, 0.0025205963076954]","[0.0, 0.0, 0.0025205963076954]",0.0025205963076954,1.0,,,,,,,
3.8535285937105312,1,0,[1.],[-0.04312679  1.        ],"[1.0, 0.043126794927282, 0.0018599204406998361]","[1, 0.043126794927282, 0.0025205963076954]","[0.0, 0.0, 0.0006606758669955638]",0.0006606758669955638,0.2621109397718767,23.187440700987505,-23.187440700987505,[1],,,0.0,[]
4.229242874389499,0,0,[1.],[1.],"[1.0, 0.0, 0.0]","[1, 0.03887042606673, 0.0020756475804756]","[0.0, 0.03887042606673, 0.0020756475804756]",0.03887042606673,1.0,,,,,,,
4.229242874389499,0,1,[0.03887043 1.        ],[1.],"[1.0, 0.03887042606673, 0.0]","[1, 0.03887042606673, 0.0020756475804756]","[0.0, 0.0, 0.0020756475804756]",0.0020756475804756,1.0,,,,,,,
4.229242874389499,1,0,[1.],[-0.03887043  1.        ],"[1.0, 0.03887042606673, 0.0015109100226091232]","[1, 0.03887042606673, 0.0020756475804756]","[0.0, 0.0, 0.0005647375578664766]",0.0005647375578664766,0.2720777665624125,25.72649958308331,-25.72649958308331,[1],,,0.0,[]
4.641588833612782,0,0,[1.],[1.],"[1.0, 0.0, 0.0]","[1, 0.0348757134601192, 0.0016943824599826]","[0.0, 0.0348757134601192, 0.0016943824599826]",0.0348757134601192,1.0,,,,,,,
4.641588833612782,0,1,[0.03487571 1.        ],[1.],"[1.0, 0.0348757134601192, 0.0]","[1, 0.0348757134601192, 0.0016943824599826]","[0.0, 0.0, 0.0016943824599826]",0.0016943824599826,1.0,,,,,,,
4.641588833612782,1,0,[1.],[-0.03487571  1.        ],"[1.0, 0.0348757134601192, 0.0012163153893523398]","[1, 0.0348757134601192, 0.0016943824599826]","[0.0, 0.0, 0.0004780670706302603]",0.0004780670706302603,0.2821482645867154,28.673248538514116,-28.673248538514116,[1],,,0.0,[]
5.09413801481638,0,0,[1.],[1.],"[1.0, 0.0, 0.0]","[1, 0.0311475680888991, 0.0013708148134884]","[0.0, 0.0311475680888991, 0.0013708148134884]",0.0311475680888991,1.0,,,,,,,
5.09413801481638,0,1,[0.03114757 1.        ],[1.],"[1.0, 0.0311475680888991, 0.0]","[1, 0.0311475680888991, 0.0013708148134884]","[0.0, 0.0, 0.0013708148134884]",0.0013708148134884,1.0,,,,,,,
5.09413801481638,1,0,[1.],[-0.03114757  1.        ],"[1.0, 0.0311475680888991, 0.0009701709978526056]","[1, 0.0311475680888991, 0.0013708148134884]","[0.0, 0.0, 0.0004006438156357945]",0.0004006438156357945,0.2922669143151806,32.10523521919507,-32.10523521919507,[1],,,0.0,[]
5.590810182512229,0,0,[1.],[1.],"[1.0, 0.0, 0.0]","[1, 0.0276884962993709, 0.001098944073552]","[0.0, 0.0276884962993709, 0.001098944073552]",0.0276884962993709,1.0,,,,,,,
5.590810182512229,0,1,[0.0276885 1.       ],[1.],"[1.0, 0.0276884962993709, 0.0]","[1, 0.0276884962993709, 0.001098944073552]","[0.0, 0.0, 0.001098944073552]",0.001098944073552,1.0,,,,,,,
5.590810182512229,1,0,[1.],[-0.0276885  1.       ],"[1.0, 0.0276884962993709, 0.000766652827320276]","[1, 0.0276884962993709, 0.001098944073552]","[0.0, 0.0, 0.0003322912462317239]",0.0003322912462317239,0.30237320918224186,36.11608189870248,-36.11608189870248,[1],,,0.0,[]
6.135907273413176,0,0,[1.],[1.],"[1.0, 0.0, 0.0]","[1, 0.0244984442779544, 0.0008728567132512]","[0.0, 0.0244984442779544, 0.0008728567132512]",0.0244984442779544,1.0,,,,,,,
6.135907273413176,0,1,[0.02449844 1.        ],[1.],"[1.0, 0.0244984442779544, 0.0]","[1, 0.0244984442779544, 0.0008728567132512]","[0.0, 0.0, 0.0008728567132512]",0.0008728567132512,1.0,,,,,,,
6.135907273413176,1,0,[1.],[-0.02449844  1.        ],"[1.0, 0.0244984442779544, 0.0006001737720400367]","[1, 0.0244984442779544, 0.0008728567132512]","[0.0, 0.0, 0.00027268294121116337]",0.00027268294121116337,0.31240286873143147,40.81891848536185,-40.81891848536185,[1],,,0.0,[]
6.7341506577508286,0,0,[1.],[1.],"[1.0, 0.0, 0.0]","[1, 0.0215747242281419, 0.0006868249236894]","[0.0, 0.0215747242281419, 0.0006868249236894]",0.0215747242281419,1.0,,,,,,,
6.7341506577508286,0,1,[0.02157472 1.        ],[1.],"[1.0, 0.0215747242281419, 0.0]","[1, 0.0215747242281419, 0.0006868249236894]","[0.0, 0.0, 0.0006868249236894]",0.0006868249236894,1.0,,,,,,,
6.7341506577508286,1,0,[1.],[-0.02157472  1.        ],"[1.0, 0.0215747242281419, 0.00046546872552037313]","[1, 0.0215747242281419, 0.0006868249236894]","[0.0, 0.0, 0.00022135619816902684]",0.00022135619816902684,0.3222891169702657,46.350534515551665,-46.350534515551665,[1],,,0.0,[]
7.390722033525782,0,0,[1.],[1.],"[1.0, 0.0, 0.0]","[1, 0.018912031749815, 0.000535398012549]","[0.0, 0.018912031749815, 0.000535398012549]",0.018912031749815,1.0,,,,,,,
7.390722033525782,0,1,[0.01891203 1.        ],[1.],"[1.0, 0.018912031749815, 0.0]","[1, 0.018912031749815, 0.000535398012549]","[0.0, 0.0, 0.000535398012549]",0.000535398012549,1.0,,,,,,,
7.390722033525782,1,0,[1.],[-0.01891203  1.        ],"[1.0, 0.018912031749815, 0.00035766494490601064]","[1, 0.018912031749815, 0.000535398012549]","[0.0, 0.0, 0.00017773306764298937]",0.00017773306764298937,0.33196437692551783,52.876391771591756,-52.876391771591756,[1],,,0.0,[]
8.111308307896872,0,0,[1.],[1.],"[1.0, 0.0, 0.0]","[1, 0.0165025581841855, 0.0004134812759932]","[0.0, 0.0165025581841855, 0.0004134812759932]",0.0165025581841855,1.0,,,,,,,
8.111308307896872,0,1,[0.01650256 1.        ],[1.],"[1.0, 0.0165025581841855, 0.0]","[1, 0.0165025581841855, 0.0004134812759932]","[0.0, 0.0, 0.0004134812759932]",0.0004134812759932,1.0,,,,,,,
8.111308307896872,1,0,[1.],[-0.01650256  1.        ],"[1.0, 0.0165025581841855, 0.00027233442662242787]","[1, 0.0165025581841855, 0.0004134812759932]","[0.0, 0.0, 0.00014114684937077215]",0.00014114684937077215,0.34136213068350263,60.59666561020254,-60.59666561020254,[1],,,0.0,[]
8.902150854450392,0,0,[1.],[1.],"[1.0, 0.0, 0.0]","[1, 0.0143361951027471, 0.0003163982167918]","[0.0, 0.0143361951027471, 0.0003163982167918]",0.0143361951027471,1.0,,,,,,,
8.902150854450392,0,1,[0.0143362 1.       ],[1.],"[1.0, 0.0143361951027471, 0.0]","[1, 0.0143361951027471, 0.0003163982167918]","[0.0, 0.0, 0.0003163982167918]",0.0003163982167918,1.0,,,,,,,
8.902150854450392,1,0,[1.],[-0.0143362  1.       ],"[1.0, 0.0143361951027471, 0.00020552649002402994]","[1, 0.0143361951027471, 0.0003163982167918]","[0.0, 0.0, 0.00011087172676777009]",0.00011087172676777009,0.3504183047931878,69.75351499006734,-69.75351499006734,[1],,,0.0,[]
9.770099572992256,0,0,[1.],[1.],"[1.0, 0.0, 0.0]","[1, 0.0124008213085835, 0.000239935064128]","[0.0, 0.0124008213085835, 0.000239935064128]",0.0124008213085835,1.0,,,,,,,
9.770099572992256,0,1,[0.01240082 1.        ],[1.],"[1.0, 0.0124008213085835, 0.0]","[1, 0.0124008213085835, 0.000239935064128]","[0.0, 0.0, 0.000239935064128]",0.000239935064128,1.0,,,,,,,
9.770099572992256,1,0,[1.],[-0.01240082  1.        ],"[1.0, 0.0124008213085835, 0.00015378036912741858]","[1, 0.0124008213085835, 0.000239935064128]","[0.0, 0.0, 8.61546950005814e-05]",8.61546950005814e-05,0.35907504938344403,80.63982014705978,-80.63982014705978,[1],,,0.0,[]
10.722672220103243,0,0,[1.],[1.],"[1.0, 0.0, 0.0]","[1, 0.0106826564904691, 0.0001803631739967796]","[0.0, 0.0106826564904691, 0.0001803631739967796]",0.0106826564904691,1.0,,,,,,,
10.722672220103243,0,1,[0.01068266 1.        ],[1.],"[1.0, 0.0106826564904691, 0.0]","[1, 0.0106826564904691, 0.0001803631739967796]","[0.0, 0.0, 0.0001803631739967796]",0.0001803631739967796,1.0,,,,,,,
10.722672220103243,1,0,[1.],[-0.01068266  1.        ],"[1.0, 0.0106826564904691, 0.00011411914969336158]","[1, 0.0106826564904691, 0.0001803631739967796]","[0.0, 0.0, 6.624402430341803e-05]",6.624402430341803e-05,0.3672813182174362,93.60967479317382,-93.60967479317382,[1],,,0.0,[]
11.768119524349991,0,0,[1.],[1.],"[1.0, 0.0, 0.0]","[1, 0.009166660800723, 0.00013444249666858392]","[0.0, 0.009166660800723, 0.00013444249666858392]",0.009166660800723,1.0,,,,,,,
11.768119524349991,0,1,[0.00916666 1.        ],[1.],"[1.0, 0.009166660800723, 0.0]","[1, 0.009166660800723, 0.00013444249666858392]","[0.0, 0.0, 0.00013444249666858392]",0.00013444249666858392,1.0,,,,,,,
11.768119524349991,1,0,[1.],[-0.00916666  1.        ],"[1.0, 0.009166660800723, 8.402767023551164e-05]","[1, 0.009166660800723, 0.00013444249666858392]","[0.0, 0.0, 5.041482643307228e-05]",5.041482643307228e-05,0.3749917450384054,109.09097890053128,-109.09097890053128,[1],,,0.0,[]
12.91549665014884,0,0,[1.],[1.],"[1.0, 0.0, 0.0]","[1, 0.007836956743808, 9.940998880492053e-05]","[0.0, 0.007836956743808, 9.940998880492053e-05]",0.007836956743808,1.0,,,,,,,
12.91549665014884,0,1,[0.00783696 1.        ],[1.],"[1.0, 0.007836956743808, 0.0]","[1, 0.007836956743808, 9.940998880492053e-05]","[0.0, 0.0, 9.940998880492053e-05]",9.940998880492053e-05,1.0,,,,,,,
12.91549665014884,1,0,[1.],[-0.00783696  1.        ],"[1.0, 0.007836956743808, 6.14178910043177e-05]","[1, 0.007836956743808, 9.940998880492053e-05]","[0.0, 0.0, 3.799209780060283e-05]",3.799209780060283e-05,0.3821758583552151,127.60055116931743,-127.60055116931743,[1],,,0.0,[]
14.174741629268064,0,0,[1.],[1.],"[1.0, 0.0, 0.0]","[1, 0.006677249216034, 7.294896240627823e-05]","[0.0, 0.006677249216034, 7.294896240627823e-05]",0.006677249216034,1.0,,,,,,,
14.174741629268064,0,1,[0.00667725 1.        ],[1.],"[1.0, 0.006677249216034, 0.0]","[1, 0.006677249216034, 7.294896240627823e-05]","[0.0, 0.0, 7.294896240627823e-05]",7.294896240627823e-05,1.0,,,,,,,
14.174741629268064,1,0,[1.],[-0.00667725  1.        ],"[1.0, 0.006677249216034, 4.458565709302667e-05]","[1, 0.006677249216034, 7.294896240627823e-05]","[0.0, 0.0, 2.8363305313251554e-05]",2.8363305313251554e-05,0.38881026374695243,149.76227000764203,-149.76227000764203,[1],,,0.0,[]
15.556761439304722,0,0,[1.],[1.],"[1.0, 0.0, 0.0]","[1, 0.0056712213309306, 5.315138269774914e-05]","[0.0, 0.0056712213309306, 5.315138269774914e-05]",0.0056712213309306,1.0,,,,,,,
15.556761439304722,0,1,[0.00567122 1.        ],[1.],"[1.0, 0.0056712213309306, 0.0]","[1, 0.0056712213309306, 5.315138269774914e-05]","[0.0, 0.0, 5.315138269774914e-05]",5.315138269774914e-05,1.0,,,,,,,
15.556761439304722,1,0,[1.],[-0.00567122  1.        ],"[1.0, 0.0056712213309306, 3.216275138440225e-05]","[1, 0.0056712213309306, 5.315138269774914e-05]","[0.0, 0.0, 2.0988631313346892e-05]",2.0988631313346892e-05,0.3948840133228692,176.3288613946422,-176.3288613946422,[1],,,0.0,[]
17.07352647470692,0,0,[1.],[1.],"[1.0, 0.0, 0.0]","[1, 0.0048028874717314, 3.847173567890898e-05]","[0.0, 0.0048028874717314, 3.847173567890898e-05]",0.0048028874717314,1.0,,,,,,,
17.07352647470692,0,1,[0.00480289 1.        ],[1.],"[1.0, 0.0048028874717314, 0.0]","[1, 0.0048028874717314, 3.847173567890898e-05]","[0.0, 0.0, 3.847173567890898e-05]",3.847173567890898e-05,1.0,,,,,,,
17.07352647470692,1,0,[1.],[-0.00480289  1.        ],"[1.0, 0.0048028874717314, 2.306772806611444e-05]","[1, 0.0048028874717314, 3.847173567890898e-05]","[0.0, 0.0, 1.5404007612794537e-05]",1.5404007612794537e-05,0.4003980413402388,208.20808438376935,-208.20808438376935,[1],,,0.0,[]
18.73817422860385,0,0,[1.],[1.],"[1.0, 0.0, 0.0]","[1, 0.0040568901802889, 2.7677853156175985e-05]","[0.0, 0.0040568901802889, 2.7677853156175985e-05]",0.0040568901802889,1.0,,,,,,,
18.73817422860385,0,1,[0.00405689 1.        ],[1.],"[1.0, 0.0040568901802889, 0.0]","[1, 0.0040568901802889, 2.7677853156175985e-05]","[0.0, 0.0, 2.7677853156175985e-05]",2.7677853156175985e-05,1.0,,,,,,,
18.73817422860385,1,0,[1.],[-0.00405689  1.        ],"[1.0, 0.0040568901802889, 1.64583579349245e-05]","[1, 0.0040568901802889, 2.7677853156175985e-05]","[0.0, 0.0, 1.1219495221251483e-05]",1.1219495221251483e-05,0.40536002405764576,246.49422477805103,-246.49422477805103,[1],,,0.0,[]
20.565123083486537,0,0,[1.],[1.],"[1.0, 0.0, 0.0]","[1, 0.0034187333168467, 1.9802732661570232e-05]","[0.0, 0.0034187333168467, 1.9802732661570232e-05]",0.0034187333168467,1.0,,,,,,,
20.565123083486537,0,1,[0.00341873 1.        ],[1.],"[1.0, 0.0034187333168467, 0.0]","[1, 0.0034187333168467, 1.9802732661570232e-05]","[0.0, 0.0, 1.9802732661570232e-05]",1.9802732661570232e-05,1.0,,,,,,,
20.565123083486537,1,0,[1.],[-0.00341873  1.        ],"[1.0, 0.0034187333168467, 1.168773749171764e-05]","[1, 0.0034187333168467, 1.9802732661570232e-05]","[0.0, 0.0, 8.114995169852592e-06]",8.114995169852592e-06,0.40979168423562023,292.505997783518,-292.505997783518,[1],,,0.0,[]
22.570197196339212,0,0,[1.],[1.],"[1.0, 0.0, 0.0]","[1, 0.0028749495677156, 1.4097845724579182e-05]","[0.0, 0.0028749495677156, 1.4097845724579182e-05]",0.0028749495677156,1.0,,,,,,,
22.570197196339212,0,1,[0.00287495 1.        ],[1.],"[1.0, 0.0028749495677156, 0.0]","[1, 0.0028749495677156, 1.4097845724579182e-05]","[0.0, 0.0, 1.4097845724579182e-05]",1.4097845724579182e-05,1.0,,,,,,,
22.570197196339212,1,0,[1.],[-0.00287495  1.        ],"[1.0, 0.0028749495677156, 8.265335016908115e-06]","[1, 0.0028749495677156, 1.4097845724579182e-05]","[0.0, 0.0, 5.8325107076710666e-06]",5.8325107076710666e-06,0.41371645154991693,347.83218851194937,-347.83218851194937,[1],,,0.0,[]
24.770763559917118,0,0,[1.],[1.],"[1.0, 0.0, 0.0]","[1, 0.0024132052665248, 9.991860286823591e-06]","[0.0, 0.0024132052665248, 9.991860286823591e-06]",0.0024132052665248,1.0,,,,,,,
24.770763559917118,0,1,[0.00241321 1.        ],[1.],"[1.0, 0.0024132052665248, 0.0]","[1, 0.0024132052665248, 9.991860286823591e-06]","[0.0, 0.0, 9.991860286823591e-06]",9.991860286823591e-06,1.0,,,,,,,
24.770763559917118,1,0,[1.],[-0.00241321  1.        ],"[1.0, 0.0024132052665248, 5.8235596583830304e-06]","[1, 0.0024132052665248, 9.991860286823591e-06]","[0.0, 0.0, 4.168300628440561e-06]",4.168300628440561e-06,0.4171696269549884,414.3866308729205,-414.3866308729205,[1],,,0.0,[]
27.185882427329428,0,0,[1.],[1.],"[1.0, 0.0, 0.0]","[1, 0.0020223491805689, 7.053016667196749e-06]","[0.0, 0.0020223491805689, 7.053016667196749e-06]",0.0020223491805689,1.0,,,,,,,
27.185882427329428,0,1,[0.00202235 1.        ],[1.],"[1.0, 0.0020223491805689, 0.0]","[1, 0.0020223491805689, 7.053016667196749e-06]","[0.0, 0.0, 7.053016667196749e-06]",7.053016667196749e-06,1.0,,,,,,,
27.185882427329428,1,0,[1.],[-0.00202235  1.        ],"[1.0, 0.0020223491805689, 4.089896208147701e-06]","[1, 0.0020223491805689, 7.053016667196749e-06]","[0.0, 0.0, 2.9631204590490486e-06]",2.9631204590490486e-06,0.4201210062114816,494.47445060832354,-494.47445060832354,[1],,,0.0,[]
29.836472402833405,0,0,[1.],[1.],"[1.0, 0.0, 0.0]","[1, 0.0016924142440581, 4.962403096604958e-06]","[0.0, 0.0016924142440581, 4.962403096604958e-06]",0.0016924142440581,1.0,,,,,,,
29.836472402833405,0,1,[0.00169241 1.        ],[1.],"[1.0, 0.0016924142440581, 0.0]","[1, 0.0016924142440581, 4.962403096604958e-06]","[0.0, 0.0, 4.962403096604958e-06]",4.962403096604958e-06,1.0,,,,,,,
29.836472402833405,1,0,[1.],[-0.00169241  1.        ],"[1.0, 0.0016924142440581, 2.86426597349075e-06]","[1, 0.0016924142440581, 4.962403096604958e-06]","[0.0, 0.0, 2.098137123114208e-06]",2.098137123114208e-06,0.4228066689200751,590.871888198118,-590.871888198118,[1],,,0.0,[]
32.74549162877732,0,0,[1.],[1.],"[1.0, 0.0, 0.0]","[1, 0.0014145822484568, 3.4804770280064896e-06]","[0.0, 0.0014145822484568, 3.4804770280064896e-06]",0.0014145822484568,1.0,,,,,,,
32.74549162877732,0,1,[0.00141458 1.        ],[1.],"[1.0, 0.0014145822484568, 0.0]","[1, 0.0014145822484568, 3.4804770280064896e-06]","[0.0, 0.0, 3.4804770280064896e-06]",3.4804770280064896e-06,1.0,,,,,,,
32.74549162877732,1,0,[1.],[-0.00141458  1.        ],"[1.0, 0.0014145822484568, 2.001042937649096e-06]","[1, 0.0014145822484568, 3.4804770280064896e-06]","[0.0, 0.0, 1.4794340903573937e-06]",1.4794340903573937e-06,0.4250664717660177,706.9224861904797,-706.9224861904797,[1],,,0.0,[]
35.938136638046295,0,0,[1.],[1.],"[1.0, 0.0, 0.0]","[1, 0.0011811214412172, 2.4346357240635753e-06]","[0.0, 0.0011811214412172, 2.4346357240635753e-06]",0.0011811214412172,1.0,,,,,,,
35.938136638046295,0,1,[0.00118112 1.        ],[1.],"[1.0, 0.0011811214412172, 0.0]","[1, 0.0011811214412172, 2.4346357240635753e-06]","[0.0, 0.0, 2.4346357240635753e-06]",2.4346357240635753e-06,1.0,,,,,,,
35.938136638046295,1,0,[1.],[-0.00118112  1.        ],"[1.0, 0.0011811214412172, 1.3950478589029955e-06]","[1, 0.0011811214412172, 2.4346357240635753e-06]","[0.0, 0.0, 1.0395878651605798e-06]",1.0395878651605798e-06,0.4269993473296431,846.6529902034918,-846.6529902034918,[1],,,0.0,[]
39.4420605943766,0,0,[1.],[1.],"[1.0, 0.0, 0.0]","[1, 0.0009853061359745, 1.6992285700281442e-06]","[0.0, 0.0009853061359745, 1.6992285700281442e-06]",0.0009853061359745,1.0,,,,,,,
39.4420605943766,0,1,[9.85306136e-04 1.00000000e+00],[1.],"[1.0, 0.0009853061359745, 0.0]","[1, 0.0009853061359745, 1.6992285700281442e-06]","[0.0, 0.0, 1.6992285700281442e-06]",1.6992285700281442e-06,1.0,,,,,,,
39.4420605943766,1,0,[1.],[-9.85306136e-04  1.00000000e+00],"[1.0, 0.0009853061359745, 9.708281815889997e-07]","[1, 0.0009853061359745, 1.6992285700281442e-06]","[0.0, 0.0, 7.284003884391445e-07]",7.284003884391445e-07,0.4286653374872811,1014.9129935245631,-1014.9129935245631,[1],,,0.0,[]
43.287612810830616,0,0,[1.],[1.],"[1.0, 0.0, 0.0]","[1, 0.0008213261086688, 1.1836105961294934e-06]","[0.0, 0.0008213261086688, 1.1836105961294934e-06]",0.0008213261086688,1.0,,,,,,,
43.287612810830616,0,1,[8.21326109e-04 1.00000000e+00],[1.],"[1.0, 0.0008213261086688, 0.0]","[1, 0.0008213261086688, 1.1836105961294934e-06]","[0.0, 0.0, 1.1836105961294934e-06]",1.1836105961294934e-06,1.0,,,,,,,
43.287612810830616,1,0,[1.],[-8.21326109e-04  1.00000000e+00],"[1.0, 0.0008213261086688, 6.745765767810335e-07]","[1, 0.0008213261086688, 1.1836105961294934e-06]","[0.0, 0.0, 5.090340193484599e-07]",5.090340193484599e-07,0.4300688258562775,1217.5431773632442,-1217.5431773632442,[1],,,0.0,[]
47.50810162102798,0,0,[1.],[1.],"[1.0, 0.0, 0.0]","[1, 0.0006841920242195, 8.20922400939192e-07]","[0.0, 0.0006841920242195, 8.20922400939192e-07]",0.0006841920242195,1.0,,,,,,,
47.50810162102798,0,1,[6.84192024e-04 1.00000000e+00],[1.],"[1.0, 0.0006841920242195, 0.0]","[1, 0.0006841920242195, 8.20922400939192e-07]","[0.0, 0.0, 8.20922400939192e-07]",8.20922400939192e-07,1.0,,,,,,,
47.50810162102798,1,0,[1.],[-6.84192024e-04  1.00000000e+00],"[1.0, 0.0006841920242195, 4.681187260055769e-07]","[1, 0.0006841920242195, 8.20922400939192e-07]","[0.0, 0.0, 3.5280367493361514e-07]",3.5280367493361514e-07,0.42976495041429413,1461.577984836584,-1461.577984836584,[1],,,0.0,[]
52.140082879996896,0,0,[1.],[1.],"[1.0, 0.0, 0.0]","[1, 0.0005696415985005, 5.696939525591979e-07]","[0.0, 0.0005696415985005, 5.696939525591979e-07]",0.0005696415985005,1.0,,,,,,,
52.140082879996896,0,1,[5.69641599e-04 1.00000000e+00],[1.],"[1.0, 0.0005696415985005, 0.0]","[1, 0.0005696415985005, 5.696939525591979e-07]","[0.0, 0.0, 5.696939525591979e-07]",5.696939525591979e-07,1.0,,,,,,,
52.140082879996896,1,0,[1.],[-5.69641599e-04  1.00000000e+00],"[1.0, 0.0005696415985005, 3.244915507422048e-07]","[1, 0.0005696415985005, 5.696939525591979e-07]","[0.0, 0.0, 2.452024018169931e-07]",2.452024018169931e-07,0.4304107507469349,1755.4897722223182,-1755.4897722223182,[1],,,0.0,[]
57.223676593502205,0,0,[1.],[1.],"[1.0, 0.0, 0.0]","[1, 0.0004740498250185, 3.956554788510138e-07]","[0.0, 0.0004740498250185, 3.956554788510138e-07]",0.0004740498250185,1.0,,,,,,,
57.223676593502205,0,1,[4.74049825e-04 1.00000000e+00],[1.],"[1.0, 0.0004740498250185, 0.0]","[1, 0.0004740498250185, 3.956554788510138e-07]","[0.0, 0.0, 3.956554788510138e-07]",3.956554788510138e-07,1.0,,,,,,,
57.223676593502205,1,0,[1.],[-4.74049825e-04  1.00000000e+00],"[1.0, 0.0004740498250185, 2.247232366000705e-07]","[1, 0.0004740498250185, 3.956554788510138e-07]","[0.0, 0.0, 1.709322422509433e-07]",1.709322422509433e-07,0.43202293760048943,2109.482900792073,-2109.482900792073,[1],,,0.0,[]
62.8029144183426,0,0,[1.],[1.],"[1.0, 0.0, 0.0]","[1, 0.000394345404416, 2.754865886853524e-07]","[0.0, 0.000394345404416, 2.754865886853524e-07]",0.000394345404416,1.0,,,,,,,
62.8029144183426,0,1,[3.94345404e-04 1.00000000e+00],[1.],"[1.0, 0.000394345404416, 0.0]","[1, 0.000394345404416, 2.754865886853524e-07]","[0.0, 0.0, 2.754865886853524e-07]",2.754865886853524e-07,1.0,,,,,,,
62.8029144183426,1,0,[1.],[-3.94345404e-04  1.00000000e+00],"[1.0, 0.000394345404416, 1.5550829798401857e-07]","[1, 0.000394345404416, 2.754865886853524e-07]","[0.0, 0.0, 1.1997829070133384e-07]",1.1997829070133384e-07,0.4355140889938831,2535.8479870735027,-2535.8479870735027,[1],,,0.0,[]
68.92612104349702,0,0,[1.],[1.],"[1.0, 0.0, 0.0]","[1, 0.0003279345899802, 1.9201120832461913e-07]","[0.0, 0.0003279345899802, 1.9201120832461913e-07]",0.0003279345899802,1.0,,,,,,,
68.92612104349702,0,1,[3.2793459e-04 1.0000000e+00],[1.],"[1.0, 0.0003279345899802, 0.0]","[1, 0.0003279345899802, 1.9201120832461913e-07]","[0.0, 0.0, 1.9201120832461913e-07]",1.9201120832461913e-07,1.0,,,,,,,
68.92612104349702,1,0,[1.],[-3.2793459e-04  1.0000000e+00],"[1.0, 0.0003279345899802, 1.0754109530548189e-07]","[1, 0.0003279345899802, 1.9201120832461913e-07]","[0.0, 0.0, 8.447011301913724e-08]",8.447011301913724e-08,0.43992282406936306,3049.3885992946884,-3049.3885992946884,[1],,,0.0,[]
75.64633275546291,0,0,[1.],[1.],"[1.0, 0.0, 0.0]","[1, 0.0002726329493191, 1.3342207920027306e-07]","[0.0, 0.0002726329493191, 1.3342207920027306e-07]",0.0002726329493191,1.0,,,,,,,
75.64633275546291,0,1,[2.72632949e-04 1.00000000e+00],[1.],"[1.0, 0.0002726329493191, 0.0]","[1, 0.0002726329493191, 1.3342207920027306e-07]","[0.0, 0.0, 1.3342207920027306e-07]",1.3342207920027306e-07,1.0,,,,,,,
75.64633275546291,1,0,[1.],[-2.72632949e-04  1.00000000e+00],"[1.0, 0.0002726329493191, 7.432872505443093e-08]","[1, 0.0002726329493191, 1.3342207920027306e-07]","[0.0, 0.0, 5.909335414584213e-08]",5.909335414584213e-08,0.44290536094209804,3667.9352312238752,-3667.9352312238752,[1],,,0.0,[]
83.02175681319753,0,0,[1.],[1.],"[1.0, 0.0, 0.0]","[1, 0.0002266050484767, 9.243274370072349e-08]","[0.0, 0.0002266050484767, 9.243274370072349e-08]",0.0002266050484767,1.0,,,,,,,
83.02175681319753,0,1,[2.26605048e-04 1.00000000e+00],[1.],"[1.0, 0.0002266050484767, 0.0]","[1, 0.0002266050484767, 9.243274370072349e-08]","[0.0, 0.0, 9.243274370072349e-08]",9.243274370072349e-08,1.0,,,,,,,
83.02175681319753,1,0,[1.],[-2.26605048e-04  1.00000000e+00],"[1.0, 0.0002266050484767, 5.134984799512756e-08]","[1, 0.0002266050484767, 9.243274370072349e-08]","[0.0, 0.0, 4.108289570559593e-08]",4.108289570559593e-08,0.44446257960937674,4412.964347980191,-4412.964347980191,[1],,,0.0,[]
91.11627561154896,0,0,[1.],[1.],"[1.0, 0.0, 0.0]","[1, 0.0001883117140816, 6.393615654374746e-08]","[0.0, 0.0001883117140816, 6.393615654374746e-08]",0.0001883117140816,1.0,,,,,,,
91.11627561154896,0,1,[1.88311714e-04 1.00000000e+00],[1.],"[1.0, 0.0001883117140816, 0.0]","[1, 0.0001883117140816, 6.393615654374746e-08]","[0.0, 0.0, 6.393615654374746e-08]",6.393615654374746e-08,1.0,,,,,,,
91.11627561154896,1,0,[1.],[-1.88311714e-04  1.00000000e+00],"[1.0, 0.0001883117140816, 3.546130166035027e-08]","[1, 0.0001883117140816, 6.393615654374746e-08]","[0.0, 0.0, 2.8474854883397192e-08]",2.8474854883397192e-08,0.4453638820768598,5310.344100880925,-5310.344100880925,[1],,,0.0,[]
100.0,0,0,[1.],[1.],"[1.0, 0.0, 0.0]","[1, 0.0001564643460039, 4.33219649892964e-08]","[0.0, 0.0001564643460039, 4.33219649892964e-08]",0.0001564643460039,1.0,,,,,,,
100.0,0,1,[1.56464346e-04 1.00000000e+00],[1.],"[1.0, 0.0001564643460039, 0.0]","[1, 0.0001564643460039, 4.33219649892964e-08]","[0.0, 0.0, 4.33219649892964e-08]",4.33219649892964e-08,1.0,,,,,,,
100.0,1,0,[1.],[-1.56464346e-04  1.00000000e+00],"[1.0, 0.0001564643460039, 2.4481091570428136e-08]","[1, 0.0001564643460039, 4.33219649892964e-08]","[0.0, 0.0, 1.8840873418868267e-08]",1.8840873418868267e-08,0.434903481952476,6391.232415179585,-6391.232415179585,[1],,,0.0,[]
