seed	0.0	1.0	2.0	3.0	4.0	5.0	6.0	7.0	8.0	9.0	10.0	11.0	12.0	13.0	14.0	15.0	16.0	17.0	18.0	19.0	20.0	21.0	22.0	23.0	24.0	25.0	26.0	27.0	28.0	29.0	30.0	31.0	32.0	33.0	34.0	35.0	36.0	37.0	38.0	39.0	40.0	41.0	42.0	43.0	44.0	45.0	46.0	47.0	48.0	49.0	50.0	51.0	52.0	53.0	54.0	55.0	56.0	57.0	58.0	59.0	60.0	61.0	62.0	63.0	64.0	65.0	66.0	67.0	68.0	69.0	70.0	71.0	72.0	73.0	74.0	75.0	76.0	77.0	78.0	79.0	80.0	81.0	82.0	83.0	84.0	85.0	86.0	87.0	88.0	89.0	90.0	91.0	92.0	93.0	94.0	95.0	96.0	97.0	98.0	99.0	100.0	101.0	102.0	103.0	104.0	105.0	106.0	107.0	108.0	109.0	110.0	111.0	112.0	113.0	114.0	115.0	116.0	117.0	118.0	119.0	120.0	121.0	122.0	123.0	124.0	125.0	126.0	127.0	128.0	129.0	130.0	131.0	132.0	133.0	134.0	135.0	136.0	137.0	138.0	139.0	140.0	141.0	142.0	143.0	144.0	145.0	146.0	147.0	148.0	149.0	150.0	151.0	152.0	153.0	154.0	155.0	156.0	157.0	158.0	159.0	160.0	161.0	162.0	163.0	164.0	165.0	166.0	167.0	168.0	169.0	170.0	171.0	172.0	173.0	174.0	175.0	176.0	177.0	178.0	179.0	180.0	181.0	182.0	183.0	184.0	185.0	186.0	187.0	188.0	189.0	190.0	191.0	192.0	193.0	194.0	195.0	196.0	197.0	198.0	199.0	200.0	201.0	202.0	203.0	204.0	205.0	206.0	207.0	208.0	209.0	210.0	211.0	212.0	213.0	214.0	215.0	216.0	217.0	218.0	219.0	220.0	221.0	222.0	223.0	224.0	225.0	226.0	227.0	228.0	229.0	230.0	231.0	232.0	233.0	234.0	235.0	236.0	237.0	238.0	239.0	240.0	241.0	242.0	243.0	244.0	245.0	246.0	247.0	248.0	249.0	250.0	251.0	252.0	253.0	254.0	255.0	256.0	257.0	258.0	259.0	260.0	261.0	262.0	263.0	264.0	265.0	266.0	267.0	268.0	269.0	270.0	271.0	272.0	273.0	274.0	275.0	276.0	277.0	278.0	279.0	280.0	281.0	282.0	283.0	284.0	285.0	286.0	287.0	288.0	289.0	290.0	291.0	292.0	293.0	294.0	295.0	296.0	297.0	298.0	299.0	300.0	301.0	302.0	303.0	304.0	305.0	306.0	307.0	308.0	309.0	310.0	311.0	312.0	313.0	314.0	315.0	316.0	317.0	318.0	319.0	320.0	321.0	322.0	323.0	324.0	325.0	326.0	327.0	328.0	329.0	330.0	331.0	332.0	333.0	334.0	335.0	336.0	337.0	338.0	339.0	340.0	341.0	342.0	343.0	344.0	345.0	346.0	347.0	348.0	349.0	350.0	351.0	352.0	353.0	354.0	355.0	356.0	357.0	358.0	359.0	360.0	361.0	362.0	363.0	364.0	365.0	366.0	367.0	368.0	369.0	370.0	371.0	372.0	373.0	374.0	375.0	376.0	377.0	378.0	379.0	380.0	381.0	382.0	383.0	384.0	385.0	386.0	387.0	388.0	389.0	390.0	391.0	392.0	393.0	394.0	395.0	396.0	397.0	398.0	399.0	400.0	401.0	402.0	403.0	404.0	405.0	406.0	407.0	408.0	409.0	410.0	411.0	412.0	413.0	414.0	415.0	416.0	417.0	418.0	419.0	420.0	421.0	422.0	423.0	424.0	425.0	426.0	427.0	428.0	429.0	430.0	431.0	432.0	433.0	434.0	435.0	436.0	437.0	438.0	439.0	440.0	441.0	442.0	443.0	444.0	445.0	446.0	447.0	448.0	449.0	450.0	451.0	452.0	453.0	454.0	455.0	456.0	457.0	458.0	459.0	460.0	461.0	462.0	463.0	464.0	465.0	466.0	467.0	468.0	469.0	470.0	471.0	472.0	473.0	474.0	475.0	476.0	477.0	478.0	479.0	480.0	481.0	482.0	483.0	484.0	485.0	486.0	487.0	488.0	489.0	490.0	491.0	492.0	493.0	494.0	495.0	496.0	497.0	498.0	499.0	500.0	501.0	502.0	503.0	504.0	505.0	506.0	507.0	508.0	509.0	510.0	511.0	512.0	513.0	514.0	515.0	516.0	517.0	518.0	519.0	520.0	521.0	522.0	523.0	524.0	525.0	526.0	527.0	528.0	529.0	530.0	531.0	532.0	533.0	534.0	535.0	536.0	537.0	538.0	539.0	540.0	541.0	542.0	543.0	544.0	545.0	546.0	547.0	548.0	549.0	550.0	551.0	552.0	553.0	554.0	555.0	556.0	557.0	558.0	559.0	560.0	561.0	562.0	563.0	564.0	565.0	566.0	567.0	568.0	569.0	570.0	571.0	572.0	573.0	574.0	575.0	576.0	577.0	578.0	579.0	580.0	581.0	582.0	583.0	584.0	585.0	586.0	587.0	588.0	589.0	590.0	591.0	592.0	593.0	594.0	595.0	596.0	597.0	598.0	599.0	600.0	601.0	602.0	603.0	604.0	605.0	606.0	607.0	608.0	609.0	610.0	611.0	612.0	613.0	614.0	615.0	616.0	617.0	618.0	619.0	620.0	621.0	622.0	623.0	624.0	625.0	626.0	627.0	628.0	629.0	630.0	631.0	632.0	633.0	634.0	635.0	636.0	637.0	638.0	639.0	640.0	641.0	642.0	643.0	644.0	645.0	646.0	647.0	648.0	649.0	650.0	651.0	652.0	653.0	654.0	655.0	656.0	657.0	658.0	659.0	660.0	661.0	662.0	663.0	664.0	665.0	666.0	667.0	668.0	669.0	670.0	671.0	672.0	673.0	674.0	675.0	676.0	677.0	678.0	679.0	680.0	681.0	682.0	683.0	684.0	685.0	686.0	687.0	688.0	689.0	690.0	691.0	692.0	693.0	694.0	695.0	696.0	697.0	698.0	699.0	700.0	701.0	702.0	703.0	704.0	705.0	706.0	707.0	708.0	709.0	710.0	711.0	712.0	713.0	714.0	715.0	716.0	717.0	718.0	719.0	720.0	721.0	722.0	723.0	724.0	725.0	726.0	727.0	728.0	729.0	730.0	731.0	732.0	733.0	734.0	735.0	736.0	737.0	738.0	739.0	740.0	741.0	742.0	743.0	744.0	745.0	746.0	747.0	748.0	749.0	750.0	751.0	752.0	753.0	754.0	755.0	756.0	757.0	758.0	759.0	760.0	761.0	762.0	763.0	764.0	765.0	766.0	767.0	768.0	769.0	770.0	771.0	772.0	773.0	774.0	775.0	776.0	777.0	778.0	779.0	780.0	781.0	782.0	783.0	784.0	785.0	786.0	787.0	788.0	789.0	790.0	791.0	792.0	793.0	794.0	795.0	796.0	797.0	798.0	799.0	800.0	801.0	802.0	803.0	804.0	805.0	806.0	807.0	808.0	809.0	810.0	811.0	812.0	813.0	814.0	815.0	816.0	817.0	818.0	819.0	820.0	821.0	822.0	823.0	824.0	825.0	826.0	827.0	828.0	829.0	830.0	831.0	832.0	833.0	834.0	835.0	836.0	837.0	838.0	839.0	840.0	841.0	842.0	843.0	844.0	845.0	846.0	847.0	848.0	849.0	850.0	851.0	852.0	853.0	854.0	855.0	856.0	857.0	858.0	859.0	860.0	861.0	862.0	863.0	864.0	865.0	866.0	867.0	868.0	869.0	870.0	871.0	872.0	873.0	874.0	875.0	876.0	877.0	878.0	879.0	880.0	881.0	882.0	883.0	884.0	885.0	886.0	887.0	888.0	889.0	890.0	891.0	892.0	893.0	894.0	895.0	896.0	897.0	898.0	899.0	900.0	901.0	902.0	903.0	904.0	905.0	906.0	907.0	908.0	909.0	910.0	911.0	912.0	913.0	914.0	915.0	916.0	917.0	918.0	919.0	920.0	921.0	922.0	923.0	924.0	925.0	926.0	927.0	928.0	929.0	930.0	931.0	932.0	933.0	934.0	935.0	936.0	937.0	938.0	939.0	940.0	941.0	942.0	943.0	944.0	945.0	946.0	947.0	948.0	949.0	950.0	951.0	952.0	953.0	954.0	955.0	956.0	957.0	958.0	959.0	960.0	961.0	962.0	963.0	964.0	965.0	966.0	967.0	968.0	969.0	970.0	971.0	972.0	973.0	974.0	975.0	976.0	977.0	978.0	979.0	980.0	981.0	982.0	983.0	984.0	985.0	986.0	987.0	988.0	989.0	990.0	991.0	992.0	993.0	994.0	995.0	996.0	997.0	998.0	999.0	1000.0
3	23749251	1381947	359765	173625	103089	68005	49131	36757	28659	23235	18730	15705	13514	11775	10239	9137	8331	7363	6814	6245	5618	5107	4834	4571	4270	4076	3751	3445	3264	3209	2995	2755	2856	2587	2486	2410	2277	2216	2149	2151	2012	1880	1872	1805	1785	1707	1633	1556	1544	1570	1436	1417	1436	1369	1292	1320	1272	1282	1247	1190	1149	1147	1080	1113	1055	1045	1029	999	969	959	1003	890	896	944	915	913	860	870	844	865	768	813	783	731	713	746	785	800	733	675	702	716	703	727	678	695	668	647	608	656	572	577	597	565	591	563	582	538	572	558	595	579	498	553	499	507	552	507	532	524	486	466	464	494	470	462	477	445	432	389	428	463	463	453	451	463	410	409	415	409	426	419	382	419	382	395	338	368	385	359	375	338	376	349	351	393	358	354	347	355	322	344	347	304	326	346	310	320	310	300	311	330	322	280	301	331	341	299	303	296	297	296	271	290	277	292	301	269	281	269	287	288	280	282	287	274	295	248	243	294	288	283	278	255	280	241	218	221	268	253	254	234	237	262	250	235	221	255	237	217	251	257	239	218	216	237	240	211	238	235	212	202	202	232	228	186	206	221	219	209	187	194	171	193	222	211	207	187	206	183	216	207	193	217	208	194	177	190	183	230	169	179	200	216	181	188	157	184	178	178	174	182	200	182	180	178	170	178	165	204	174	178	201	180	160	163	170	164	162	154	187	176	153	154	152	152	139	151	143	144	169	165	150	154	157	160	152	139	175	177	161	146	159	166	124	156	134	161	140	146	149	151	168	138	128	134	139	145	129	141	150	158	118	116	141	134	130	124	150	140	116	128	142	143	129	127	127	142	138	115	126	127	134	121	126	129	120	140	135	132	138	121	116	123	110	134	142	123	139	125	118	101	119	129	133	132	147	145	104	136	117	121	113	119	106	123	129	100	108	111	107	123	117	124	135	110	128	118	119	137	113	109	119	104	82	105	131	126	112	126	108	124	99	113	124	126	96	113	107	101	106	119	101	101	117	113	103	96	117	82	85	115	106	101	101	97	113	86	132	108	118	118	99	91	86	85	86	119	84	118	103	90	118	104	102	105	103	101	79	103	97	96	91	100	95	88	95	101	106	93	107	104	89	90	81	95	86	78	81	101	83	79	97	95	102	76	93	106	104	85	113	101	101	92	89	88	114	102	104	89	101	86	96	106	81	92	99	84	83	78	76	80	84	98	62	78	73	89	76	73	83	94	80	97	87	86	78	89	74	79	86	97	80	77	113	98	102	90	89	76	88	78	86	90	56	74	83	70	89	77	67	78	65	67	85	76	75	91	69	63	70	76	103	88	67	80	82	89	79	87	81	93	95	84	76	82	89	82	74	82	62	71	78	68	76	76	63	87	87	77	81	86	84	80	75	64	64	61	68	71	88	62	60	83	66	61	77	81	80	82	68	77	74	77	53	75	61	57	73	76	63	76	66	66	76	58	67	74	86	69	69	67	73	77	75	74	75	63	60	58	57	55	59	74	89	69	81	86	67	73	74	83	68	73	72	63	65	75	63	58	72	57	54	76	80	59	69	76	52	63	61	50	78	51	67	66	80	73	66	57	68	62	54	52	62	60	46	51	47	71	59	94	57	62	70	76	68	61	54	47	68	55	53	50	43	59	72	61	65	70	54	57	43	59	61	62	62	57	57	47	43	54	61	56	67	69	58	55	59	63	58	51	58	67	63	68	55	65	54	54	62	63	58	55	60	69	51	60	59	67	53	65	49	54	67	63	44	54	50	60	59	57	50	54	54	51	50	54	53	49	51	62	58	61	54	53	52	46	60	58	59	57	54	53	50	46	52	39	52	61	46	33	46	47	55	39	59	62	63	49	59	55	47	71	51	51	55	56	55	69	58	50	52	41	45	61	62	50	47	46	52	42	55	57	45	53	39	50	43	49	59	47	53	63	43	45	51	51	51	46	47	45	47	54	47	53	58	39	45	44	33	37	39	49	65	59	60	58	52	52	54	54	54	56	49	51	40	51	55	46	59	52	57	54	38	48	44	57	64	42	59	49	52	44	65	47	64	49	42	46	48	42	48	57	59	58	49	41	47	47	53	53	36	49	42	58	50	57	50	47	57	49	51	47	73	46	36	52	57	47	38	48	33	44	42	42	37	29	40	29	34	37	47	54	44	43	54	50	40	42	45	44	52	51	53	39	33	58	52	44	40	46	52	45	40	50	38	65	41	57	41	34	37	39	50	42	39	37	37	33	47	38	56	49	44	47	43	40	52	43	41	43	35	52	50	43	44	59	39	36	40	38	41	33	48	40	44	44	48	41	42
8	23745147	1384923	360970	173393	103032	68736	48675	36736	28853	23172	18859	16022	13468	11737	10336	9316	7977	7300	6596	6115	5679	5070	4855	4573	4138	4036	3752	3471	3402	3160	3007	2911	2653	2595	2532	2383	2359	2167	2128	2107	1991	1862	1889	1847	1721	1682	1657	1623	1617	1472	1496	1485	1363	1334	1322	1266	1244	1250	1167	1207	1185	1136	1154	1153	1047	1076	1054	981	966	1029	944	917	916	948	920	842	864	807	833	842	833	797	771	794	802	814	702	752	740	733	689	752	707	647	648	616	629	632	603	598	610	580	641	586	599	562	566	553	614	573	506	534	577	579	574	471	530	505	506	502	522	474	431	480	460	428	431	466	449	445	485	484	424	427	452	421	432	430	421	394	390	385	428	384	394	387	403	419	402	398	377	387	377	372	366	352	333	357	306	344	341	344	354	345	355	339	330	319	349	294	300	300	305	316	297	295	267	281	317	332	281	284	285	276	265	303	280	291	263	288	281	276	266	282	296	287	260	278	284	276	226	249	262	240	242	284	266	247	255	237	229	247	253	238	256	230	214	260	228	218	234	229	256	233	247	232	211	247	216	224	237	217	215	226	253	233	206	211	199	208	181	214	222	216	218	192	219	178	200	203	175	210	186	192	173	165	182	189	181	169	176	202	171	198	213	206	178	150	155	170	175	180	171	194	174	166	188	157	171	179	185	154	171	171	197	176	173	131	165	157	166	170	193	153	130	192	165	189	187	141	164	163	155	169	175	176	160	146	156	150	149	136	170	148	152	150	144	145	132	135	167	119	135	142	146	176	134	150	139	174	144	128	132	145	149	137	133	142	138	150	126	137	131	134	135	141	124	145	126	124	141	118	123	120	151	107	132	113	119	134	116	111	139	140	119	120	129	109	138	142	125	122	142	113	118	112	107	108	113	113	124	133	123	96	118	111	120	115	132	118	121	112	101	109	113	132	129	116	112	129	132	129	120	115	129	86	112	110	84	102	97	128	110	123	127	100	100	94	103	123	108	117	98	97	95	111	115	110	111	113	98	107	109	82	107	94	112	109	108	101	102	104	102	90	97	106	108	95	111	103	101	96	104	103	112	88	94	106	108	92	91	102	96	100	86	105	91	105	92	109	99	95	97	87	113	112	102	88	89	96	83	115	94	90	95	85	116	96	93	108	81	88	87	78	105	97	103	89	84	82	95	84	81	81	111	97	80	92	87	90	101	101	76	82	97	97	114	98	91	75	91	76	98	81	104	83	68	107	87	85	87	94	65	77	59	83	82	82	72	70	97	82	91	98	88	86	86	76	97	89	73	79	86	74	78	78	70	94	79	87	75	71	87	74	83	67	76	78	67	80	65	69	68	75	74	72	81	98	77	72	71	76	93	62	75	63	68	91	64	60	68	60	49	89	70	56	67	63	85	75	62	76	61	74	82	69	77	70	71	71	64	62	73	77	83	55	70	74	62	67	72	79	74	69	80	65	78	91	64	76	69	72	69	81	66	59	69	89	77	57	63	56	85	65	67	73	69	67	68	65	72	60	62	52	60	54	68	67	77	62	49	64	58	74	56	86	79	71	58	59	79	73	71	61	62	66	64	68	60	67	63	58	60	71	64	55	65	66	55	60	74	54	74	67	68	48	52	59	70	49	59	67	72	44	64	56	54	65	54	54	48	58	56	62	62	68	65	59	64	60	57	69	71	50	53	60	51	67	63	61	56	54	59	46	53	67	74	53	50	61	53	55	48	52	55	52	74	64	66	50	54	62	58	52	51	58	70	58	55	54	51	44	49	54	49	60	54	59	55	53	54	46	59	59	57	44	35	60	60	63	54	44	55	53	58	57	53	44	57	59	50	63	59	41	54	48	55	50	48	73	54	51	45	62	59	56	46	39	53	49	67	60	61	68	62	49	50	44	59	51	56	62	47	42	52	45	50	52	59	44	64	50	51	32	48	40	49	40	55	53	50	35	46	56	51	50	41	69	51	47	48	49	55	41	40	52	43	47	63	46	56	60	60	55	50	44	57	46	51	55	56	51	50	56	57	44	56	47	50	58	47	64	54	54	57	47	60	42	52	32	42	34	58	43	60	47	58	52	45	38	39	46	51	41	40	48	55	40	46	43	47	47	57	41	55	34	58	33	38	35	38	51	43	50	54	49	59	39	55	54	43	44	40	48	52	50	48	44	47	37	52	55	64	42	38	54	43	39	40	54	47	48	59	49	43	44	44	41	37	47	38	43	40	48	43	27	54	52	48	39	43	48	51	47	42	35	45	36	43	40	46	36	55	47	56	43	43	47	41	34	32	43	55	40	37	55	46	34	35	40	55
5	23746873	1383801	360026	173157	103420	68235	49021	37401	28584	22794	18976	15984	13570	11720	10253	8933	8197	7481	6703	6096	5629	5240	4968	4530	4361	3957	3784	3495	3241	3079	3080	2783	2754	2648	2447	2403	2341	2210	2114	1951	2021	1939	1906	1810	1725	1708	1741	1603	1555	1510	1466	1472	1437	1394	1356	1267	1299	1228	1145	1184	1193	1165	1046	1084	1116	958	1036	986	1029	959	938	948	966	879	915	911	866	818	901	785	803	790	783	745	747	764	790	756	757	741	696	682	635	655	654	657	657	642	664	617	607	621	668	604	574	596	564	553	559	569	558	550	529	512	519	500	524	493	506	453	503	478	504	463	489	479	461	465	425	447	462	500	446	437	410	416	452	443	405	432	411	394	389	391	398	377	365	382	368	406	385	344	354	366	334	338	344	365	324	318	329	358	352	348	303	329	326	345	304	320	307	322	333	257	311	301	298	276	308	262	290	312	306	299	274	290	281	293	287	294	299	237	311	286	293	269	257	264	271	260	256	267	227	315	247	251	278	243	248	262	244	268	217	269	266	236	265	217	225	248	215	226	224	219	248	212	208	232	243	205	208	240	206	215	232	240	241	209	215	185	200	240	209	197	222	202	203	187	182	199	162	202	157	202	203	183	185	194	205	204	197	175	210	188	184	212	156	194	172	180	203	179	195	165	188	167	179	164	192	186	163	169	159	170	167	174	169	173	170	165	162	174	159	167	157	155	195	169	161	158	149	147	141	157	138	150	169	144	160	158	147	153	130	149	162	170	147	150	140	135	149	137	165	158	130	139	138	160	158	141	147	158	156	129	139	124	157	146	159	130	127	135	131	140	134	124	152	146	127	109	117	129	126	150	125	125	99	136	134	102	121	123	125	126	102	134	123	119	154	122	120	121	139	115	114	123	109	115	117	110	122	134	127	138	109	110	107	99	117	125	110	112	111	97	129	124	131	110	109	97	110	113	103	105	118	116	121	107	120	105	102	102	111	121	108	112	116	93	108	126	120	101	128	115	111	107	112	116	89	102	107	107	92	109	108	94	94	97	104	93	90	132	106	90	96	91	88	113	96	94	92	101	84	121	98	103	114	129	105	98	101	121	111	100	100	101	92	97	104	91	89	86	91	103	91	105	93	95	117	110	103	86	108	111	110	108	84	83	96	94	102	97	79	87	98	87	72	94	77	88	94	96	78	74	85	82	83	83	86	96	91	86	93	84	87	87	95	93	66	96	99	97	92	89	92	99	88	61	93	87	93	80	89	95	83	71	78	77	78	74	75	80	70	66	75	69	97	76	84	90	96	85	70	79	80	71	79	90	95	92	86	66	92	77	79	71	69	60	82	72	79	77	51	85	63	70	84	92	78	90	72	52	90	79	80	56	61	58	74	69	82	74	71	76	75	81	66	85	87	86	70	76	71	74	65	52	75	71	76	61	81	77	75	70	79	66	70	72	69	91	72	68	68	83	61	79	62	67	64	68	54	71	92	73	59	69	73	81	93	61	88	67	75	70	71	63	75	59	61	70	58	66	64	66	67	56	64	72	60	78	71	76	62	59	51	59	60	62	68	51	72	67	56	55	59	58	71	72	68	65	78	61	56	69	68	58	78	64	72	64	53	55	54	62	60	83	63	59	59	57	50	49	59	66	58	83	68	57	40	55	58	46	71	53	57	68	72	69	61	63	69	63	63	56	54	56	51	59	67	51	64	71	50	55	52	61	53	50	47	53	54	68	79	59	66	68	65	66	55	47	55	42	54	74	41	70	49	53	50	63	44	59	55	68	54	53	53	55	54	50	51	49	68	41	44	49	71	44	44	63	64	50	51	65	55	45	57	53	60	53	57	53	51	53	54	37	53	49	41	61	48	68	49	52	54	60	44	54	71	54	42	50	45	50	64	46	57	44	57	47	45	54	50	59	46	42	48	50	52	57	48	47	46	38	40	47	41	47	49	52	47	55	54	50	49	50	53	57	58	50	48	40	44	55	55	47	47	47	41	45	46	46	58	37	59	52	66	45	59	59	63	54	48	66	50	41	46	55	59	66	52	40	58	51	61	46	37	54	47	56	45	44	57	45	64	36	58	55	60	53	44	50	38	39	47	58	64	44	48	29	50	43	53	45	43	53	44	44	60	54	59	49	40	44	46	43	58	38	49	51	62	44	38	42	45	42	32	38	47	38	43	40	46	55	55	42	45	38	25	45	46	46	49	49	35	36	39	46	53	45	47	39	40	50	45	42	47	44	45	42	49	34	35	34	42	43	46	44	41	42	45	36	33	33	45	45	42	45	44	42	43	42	42	47	41	51	44	49	39	45	46
1	23738024	1391191	361590	173889	103212	68394	48823	36626	28672	22743	18977	15893	13626	11837	10369	9193	8084	7403	6722	6159	5598	5163	4956	4543	4224	3959	3732	3477	3309	3016	3094	2850	2751	2604	2561	2348	2343	2274	2117	2092	1928	1920	1821	1830	1717	1706	1668	1619	1533	1507	1515	1433	1368	1361	1300	1374	1269	1220	1190	1175	1167	1154	1152	1107	1048	1025	1060	1037	975	952	958	897	921	953	956	898	891	852	857	799	828	815	821	765	756	760	694	703	715	681	710	733	657	686	618	638	666	669	597	688	609	587	595	587	612	596	546	610	548	557	546	574	527	531	535	518	511	473	506	523	482	518	468	469	485	451	497	449	444	506	475	476	436	435	442	433	388	435	401	403	411	407	391	402	396	440	337	354	413	375	378	334	328	349	377	355	384	351	389	337	349	329	309	332	321	350	303	332	289	315	329	267	316	290	296	328	316	288	280	305	289	301	287	272	295	283	268	274	248	263	281	278	283	318	307	276	301	233	295	307	286	253	250	264	256	258	252	267	242	245	261	226	227	271	233	246	214	232	220	250	224	230	241	218	244	225	232	211	210	211	226	221	212	226	200	210	194	241	218	203	213	214	229	197	192	193	190	220	181	231	166	197	195	206	212	219	172	196	179	194	174	175	174	193	183	171	179	181	187	211	182	173	181	179	163	177	174	161	189	166	186	165	194	169	184	180	180	184	157	169	172	176	163	181	180	165	169	182	153	154	158	155	150	146	147	148	150	169	137	147	132	130	130	148	147	158	143	136	140	156	137	158	127	149	151	147	109	161	144	135	143	128	159	153	133	128	148	134	142	108	141	132	128	147	120	129	151	130	124	107	131	140	134	123	155	164	130	135	125	135	128	112	128	130	137	126	135	114	134	128	126	133	129	122	92	127	123	115	131	130	117	114	121	148	113	116	123	104	103	114	127	135	97	142	110	102	124	88	135	140	129	117	119	102	117	94	112	107	109	118	111	98	115	135	115	114	94	99	109	91	103	92	114	108	105	96	112	107	120	96	106	120	98	100	116	90	97	104	105	96	129	105	97	98	98	109	112	102	117	102	87	87	103	89	102	87	99	113	94	89	92	93	83	104	82	107	88	96	112	85	99	99	104	94	88	104	81	75	92	107	99	94	100	104	100	89	113	90	102	110	91	89	99	91	96	93	105	72	102	81	89	99	84	80	104	93	99	88	129	64	77	88	91	84	97	94	95	87	73	95	78	81	64	83	104	79	85	98	71	71	84	102	83	94	87	80	78	91	82	84	83	76	59	66	82	78	89	66	69	72	61	68	63	84	81	80	78	99	86	65	89	74	77	81	88	82	77	67	78	87	67	96	81	92	90	65	86	87	61	78	74	83	76	70	77	90	74	66	65	67	67	96	78	88	65	66	47	82	84	68	75	82	79	60	94	67	64	75	75	60	73	61	74	61	58	76	75	85	80	72	67	72	65	74	59	82	65	67	82	76	71	71	75	73	75	75	100	112	74	67	80	55	63	49	52	68	69	78	64	76	74	72	58	58	70	61	56	70	54	72	57	64	73	63	65	78	80	70	71	77	70	68	64	64	70	53	65	61	63	78	57	56	46	68	71	63	53	55	41	63	78	62	62	60	57	64	53	62	67	86	54	48	76	63	48	57	51	59	42	48	49	72	55	63	55	52	66	58	65	55	59	51	63	55	67	48	66	55	51	60	60	64	70	59	48	51	51	56	58	54	42	55	63	57	53	51	55	60	55	56	64	52	71	59	53	50	49	48	50	58	65	52	52	62	50	66	59	67	61	41	58	57	49	54	46	53	62	52	58	55	56	54	46	48	63	41	52	58	54	57	45	46	49	59	54	59	74	42	40	53	55	47	42	52	57	54	60	54	61	46	68	40	42	42	60	53	35	56	39	48	53	45	43	48	47	61	47	52	44	49	37	51	52	44	55	52	70	56	44	42	54	48	42	63	63	53	45	63	60	55	47	47	56	54	59	49	58	49	42	62	55	55	43	60	67	46	56	44	53	58	43	56	60	53	54	48	53	66	58	46	59	51	43	61	63	54	51	59	42	42	52	63	38	40	56	51	47	42	39	39	45	42	46	39	44	49	44	56	45	66	55	59	57	44	42	57	48	39	61	51	43	35	48	37	41	49	40	41	48	44	41	41	41	40	41	50	40	45	35	36	40	61	51	37	37	57	50	44	49	51	56	52	50	56	39	46	37	38	43	45	57	35	40	37	45	41	42	38	39	37	50	45	30	35	39	51	35	44	54	52	44	38	45	44	47	50	39	37	42	44	55	30	35	46	43	49	36	40	42	34	42
2	23749754	1381369	360076	172441	103655	68985	48731	36599	28727	22885	19059	15914	13594	11753	10418	9084	8351	7322	6624	6066	5760	5311	4864	4497	4158	3890	3705	3466	3217	3183	2911	2942	2742	2601	2538	2474	2292	2292	2150	2006	2028	1919	1940	1808	1749	1694	1620	1620	1546	1475	1477	1417	1391	1328	1375	1234	1208	1254	1135	1149	1156	1165	1161	1063	1038	1090	1016	1001	1005	984	945	926	973	937	911	894	870	883	838	802	822	782	816	747	785	765	765	736	734	670	696	653	659	735	619	703	707	686	674	643	582	634	641	596	601	582	566	537	568	563	538	538	542	522	541	537	486	486	502	503	487	470	502	460	456	458	426	464	404	452	481	426	468	439	437	423	418	422	439	387	408	381	426	414	383	420	405	377	357	367	380	346	362	368	334	358	359	334	323	372	367	367	369	334	369	332	344	318	304	336	295	270	325	327	301	300	308	306	288	280	290	290	290	288	276	285	248	278	325	264	296	243	256	295	260	260	274	256	286	290	272	239	255	214	240	276	280	226	277	243	242	233	223	225	271	244	232	254	214	235	243	237	259	243	215	220	203	249	230	246	223	221	214	222	222	221	248	219	210	209	225	240	198	216	202	193	190	217	223	155	188	209	173	219	203	188	167	185	190	209	174	186	181	172	175	188	163	181	195	165	178	192	176	173	195	199	185	174	165	182	160	171	176	173	195	169	162	167	154	163	189	154	153	163	170	174	173	167	157	161	186	169	148	154	163	155	130	157	164	145	141	151	134	138	125	142	144	137	171	158	156	179	148	153	135	158	154	156	150	143	150	133	135	134	121	139	154	139	152	125	131	127	146	127	111	120	130	108	138	108	131	142	120	131	122	128	135	135	115	135	138	127	114	129	130	142	129	126	127	130	113	122	103	114	131	127	102	118	113	114	125	112	118	117	121	111	130	124	110	112	112	118	117	107	100	137	128	109	105	115	133	118	122	112	137	114	94	117	116	93	115	125	126	125	121	103	141	105	105	120	113	89	110	124	120	119	105	100	111	97	94	93	113	120	101	111	100	88	112	105	99	120	90	110	101	72	92	88	88	82	96	94	103	97	98	95	95	82	113	79	100	91	110	85	102	103	88	95	92	115	99	94	91	100	88	96	80	99	103	102	87	104	96	88	78	87	82	79	92	104	106	103	84	76	100	106	84	93	86	86	91	75	81	104	85	106	109	87	97	87	81	89	94	97	72	77	108	74	104	93	73	93	95	77	132	92	75	106	73	87	83	98	90	76	66	90	95	94	78	84	79	71	68	91	75	87	70	76	68	101	65	76	85	75	78	102	76	79	74	82	73	91	74	60	89	80	71	85	77	77	80	75	73	64	83	87	71	65	82	90	80	66	85	69	73	83	68	65	73	83	66	84	66	77	76	75	78	70	64	58	75	67	78	76	66	74	84	76	61	59	62	77	74	63	72	73	63	77	73	83	78	82	90	71	71	71	69	65	67	79	76	76	60	68	61	73	77	72	66	48	67	58	61	83	67	65	70	68	70	66	64	90	64	65	51	56	87	74	61	61	85	58	59	64	55	68	75	76	52	73	69	69	67	53	55	65	78	66	69	78	66	68	65	47	67	60	52	67	55	66	50	76	67	57	67	63	51	61	59	67	52	51	55	53	55	67	74	69	56	46	49	64	57	45	61	55	49	63	58	69	58	68	60	67	64	48	65	54	54	71	50	71	50	58	59	50	45	67	70	59	63	47	60	47	59	77	67	63	68	54	67	59	69	52	55	53	51	40	54	49	48	50	57	53	46	56	58	53	46	59	59	41	52	50	53	60	58	58	55	59	61	63	66	53	47	51	53	53	46	53	52	49	55	40	49	60	58	59	77	65	42	52	53	54	61	52	64	57	54	51	59	65	46	57	45	56	45	59	47	52	47	55	43	51	55	39	47	49	46	53	42	36	46	47	44	66	41	46	57	47	51	55	49	50	48	49	47	44	46	48	51	50	37	51	50	46	50	58	61	56	55	59	52	56	42	61	58	57	57	62	50	55	50	52	46	48	49	58	57	35	58	67	62	60	53	39	46	54	44	41	35	44	41	55	44	36	54	42	43	43	45	63	39	43	54	37	44	61	45	46	62	38	42	39	44	43	57	46	54	44	50	46	52	41	51	48	56	44	53	44	40	50	55	51	47	57	46	42	51	40	47	48	48	49	45	40	42	48	55	56	45	50	46	37	48	63	41	29	39	45	34	33	36	49	38	46	35	35	42	44	44	38	44	39	36	56	38	29	47	38	48	45	49	38	35	41	39	37	44	37	42	40	38	53	58	44	45	46	51	54	54
6	23751202	1378312	360534	173297	103900	68400	48766	36894	28559	23045	19386	15699	13644	11639	10401	9178	8219	7348	6731	5958	5719	5353	4824	4466	4056	3960	3837	3626	3302	3053	3124	2902	2712	2559	2549	2374	2378	2255	2166	2125	2045	1864	1894	1826	1701	1647	1571	1588	1504	1518	1492	1515	1389	1317	1343	1338	1237	1212	1214	1227	1179	1136	1092	1027	1082	1055	1058	959	992	978	1030	939	967	892	882	907	926	881	884	817	804	814	822	788	696	726	756	712	729	671	686	709	699	661	674	615	662	694	666	635	612	623	586	601	635	593	523	606	541	562	562	541	506	542	546	522	502	503	470	453	487	480	509	475	466	485	476	474	494	467	469	465	464	432	378	390	449	408	413	409	395	396	397	382	366	382	392	368	417	394	348	354	381	349	366	363	334	297	373	349	361	349	332	350	387	323	311	336	351	319	317	288	272	301	318	299	327	319	301	270	325	331	311	276	303	292	292	258	289	278	277	294	260	263	279	267	245	256	242	280	266	247	273	257	246	261	239	254	238	236	236	233	241	230	216	260	250	257	251	205	220	212	211	218	244	257	259	228	204	215	195	213	237	222	230	201	203	226	215	214	222	229	203	191	199	181	200	199	215	189	201	183	191	204	212	193	213	174	217	201	194	189	187	200	193	177	177	186	173	180	169	162	182	181	157	167	157	175	185	200	204	175	181	165	170	171	161	163	175	148	144	181	151	163	188	165	161	150	162	189	185	162	167	163	146	149	145	149	153	163	169	141	137	164	186	154	159	165	156	137	123	128	137	131	136	130	142	131	143	161	147	146	120	142	145	153	122	139	151	133	145	119	128	124	105	148	110	176	112	104	126	136	146	140	138	120	121	143	140	128	113	129	111	126	110	133	130	130	102	107	122	122	138	131	104	127	129	101	109	132	116	100	108	122	113	118	104	131	121	114	116	125	122	121	119	121	121	118	112	116	111	104	110	131	115	115	121	114	121	105	108	93	103	128	115	88	107	103	117	118	100	117	117	112	99	109	100	116	114	100	110	103	106	107	127	128	107	104	111	109	106	117	117	117	95	97	89	98	88	88	107	85	89	96	83	106	101	118	107	101	105	102	103	89	103	92	98	92	103	84	91	97	90	107	82	95	104	90	86	100	91	90	106	95	85	86	81	98	98	86	69	75	97	78	87	75	75	92	88	81	102	99	74	86	84	113	94	88	63	90	103	91	83	91	104	92	75	107	90	94	69	95	94	99	86	100	75	103	69	80	80	108	82	95	69	93	94	71	83	68	74	70	70	67	78	68	83	77	77	75	89	87	93	84	88	74	82	64	85	71	87	87	70	84	76	89	95	70	89	89	96	94	82	89	74	79	68	54	47	84	83	73	65	62	74	76	71	81	74	77	64	76	86	70	70	77	62	64	72	76	86	79	69	82	75	94	65	71	77	80	84	62	83	70	74	67	57	67	54	91	74	63	83	69	67	62	62	78	71	65	68	61	76	64	73	55	68	61	62	73	72	64	87	68	77	81	71	50	60	77	78	61	73	75	58	76	69	65	53	61	88	62	65	62	58	62	70	67	59	69	68	64	75	62	69	52	71	65	69	80	60	69	53	64	70	62	66	69	80	58	67	67	62	70	66	61	69	56	49	67	64	50	56	83	79	57	70	65	58	62	50	45	57	61	61	66	53	66	69	60	48	61	46	60	35	60	55	64	44	55	58	63	47	44	57	62	47	60	57	66	64	49	51	68	56	58	56	63	56	65	66	51	53	60	49	44	44	66	50	51	64	58	57	47	58	50	56	59	55	55	58	46	50	64	54	63	64	56	66	59	75	50	44	62	66	50	63	55	54	54	53	49	46	52	46	41	48	57	47	49	38	44	38	59	55	56	60	49	51	48	54	48	51	45	43	54	69	48	49	49	47	45	44	53	63	63	54	41	51	57	48	47	46	39	39	43	49	48	52	52	46	38	50	56	44	52	58	46	34	48	55	49	49	55	36	48	42	61	61	39	75	49	50	48	55	54	60	44	50	54	45	46	51	52	61	55	55	52	59	63	57	44	47	57	47	51	49	45	55	44	53	51	57	64	57	49	39	33	41	46	45	37	50	37	46	43	52	49	44	40	63	58	47	40	50	45	50	42	48	41	49	59	47	39	42	43	59	52	41	56	39	42	48	45	41	40	49	48	55	47	47	42	45	42	34	43	54	35	37	50	56	59	56	48	40	55	60	35	45	53	42	49	62	55	40	55	42	40	52	36	46	50	42	42	53	33	44	48	47	39	45	46	49	43	42	46	47	34	37	48	41	30	39	58	39	50	38	44	49	37	38
9	23746454	1384000	359795	173174	103991	68557	48863	36740	28532	23121	19017	15843	13648	11738	10155	9196	8193	7475	6814	6062	5582	5197	4864	4463	4337	3970	3703	3571	3347	3108	3017	2851	2715	2616	2468	2331	2277	2206	2178	2009	1934	1935	1915	1778	1747	1732	1683	1727	1560	1520	1507	1402	1453	1401	1310	1304	1273	1202	1140	1163	1180	1083	1153	1095	1016	1068	1013	1049	1033	940	987	1030	952	925	889	908	967	849	829	842	788	788	789	779	731	694	763	723	743	665	696	710	671	683	707	693	670	638	630	581	643	611	618	557	569	585	607	563	566	567	520	527	516	562	521	500	505	491	521	470	519	512	487	444	498	460	450	459	457	458	455	443	497	395	428	466	421	437	397	402	366	401	417	409	409	379	356	382	391	368	330	386	327	362	355	312	345	353	338	357	322	307	335	330	360	343	343	334	342	345	285	319	306	297	320	283	319	286	309	296	323	298	286	276	275	311	316	265	289	292	279	296	281	290	258	273	276	284	262	277	263	244	278	247	245	246	235	250	262	227	225	236	248	229	229	280	235	235	222	246	263	240	216	239	249	236	204	214	214	237	211	198	226	219	225	211	206	221	197	201	215	205	177	219	215	201	215	200	209	201	177	187	167	202	211	213	225	197	174	182	199	183	195	143	171	194	175	207	193	174	168	184	192	187	176	198	189	200	179	172	186	173	195	167	160	185	157	179	181	153	166	164	152	158	164	169	162	165	137	131	149	134	151	167	151	159	163	162	142	150	176	137	164	154	145	141	161	158	118	146	161	157	139	125	147	157	122	136	148	139	151	132	142	146	133	149	134	112	144	145	134	141	112	124	130	109	135	135	152	140	127	116	125	129	143	125	121	130	147	120	122	146	138	125	131	138	117	146	120	116	143	124	118	118	138	129	128	108	125	114	121	114	112	97	119	136	93	132	105	105	123	111	112	111	116	121	123	106	118	122	126	112	107	111	105	105	108	106	122	110	115	103	120	108	108	98	111	89	93	107	111	124	108	119	119	116	101	131	121	101	94	100	88	104	103	98	108	104	87	95	106	112	113	123	112	110	100	96	94	99	108	95	105	109	112	119	113	122	111	90	108	104	109	106	98	94	100	88	95	84	94	105	99	89	84	83	104	87	73	82	80	88	77	104	98	81	89	105	79	93	101	98	97	91	86	100	85	85	85	96	102	87	90	86	77	89	102	81	97	95	94	86	95	95	80	109	94	81	94	86	78	92	111	71	83	90	75	96	80	78	74	82	61	70	81	78	81	75	100	88	88	69	102	87	86	89	66	84	91	75	96	73	87	83	71	70	89	87	88	82	87	66	82	82	68	90	76	74	74	83	71	96	77	96	77	76	79	75	71	75	87	80	66	68	73	64	71	84	61	76	80	86	72	82	89	72	58	72	72	74	66	65	69	77	65	71	65	73	52	62	88	72	76	76	95	63	64	69	60	80	78	73	69	74	73	63	52	78	69	65	76	58	64	54	74	70	65	62	85	67	71	73	73	85	77	66	82	69	59	67	67	58	63	75	70	65	67	68	65	72	74	81	67	79	78	75	58	58	67	84	68	57	72	68	66	52	72	82	56	66	77	67	61	54	57	56	57	65	56	57	64	62	59	52	76	53	56	49	63	59	68	63	57	72	67	68	47	48	56	49	56	52	67	50	60	53	55	50	57	54	48	59	62	59	49	55	55	60	65	57	44	55	58	66	64	57	56	55	50	65	53	59	51	54	41	47	64	54	53	62	57	62	55	63	66	61	56	68	53	42	49	59	48	50	50	46	49	61	49	62	64	49	58	58	46	58	53	46	45	54	49	65	57	59	65	60	58	43	65	57	52	38	55	57	55	58	59	51	67	46	56	54	53	45	47	46	51	56	56	64	58	55	54	52	64	58	56	34	45	65	48	55	43	54	57	59	53	69	49	51	53	60	41	42	53	62	60	53	45	55	58	57	50	59	65	34	55	48	48	51	42	57	51	64	51	49	42	51	48	61	56	50	54	51	53	48	47	54	51	42	55	43	48	61	46	57	43	45	45	41	43	43	46	60	59	51	47	45	48	40	47	51	49	50	45	50	45	55	54	37	36	46	49	53	54	33	43	48	43	59	56	52	47	56	54	33	53	57	40	61	47	41	50	55	34	47	50	49	56	45	61	44	34	41	39	44	51	30	42	61	46	42	47	53	39	46	45	46	51	39	54	42	46	52	46	51	39	37	60	46	46	36	49	39	44	42	51	39	43	49	54	46	48	42	38	39	30	45	43	46	50	38	32	51	33	45	45	31	37	42	46	44	50	37	32	44	53	35	30	54	38
10	23748855	1382807	359359	172674	103931	68580	49110	36707	28453	22873	18884	15912	13805	11532	10154	9206	8127	7479	6789	6147	5562	5436	4756	4528	4303	3876	3750	3464	3216	3170	2977	2860	2783	2579	2565	2429	2298	2127	2167	2038	1994	1919	1915	1761	1771	1732	1721	1596	1502	1451	1534	1438	1395	1276	1342	1277	1260	1282	1206	1181	1202	1131	1142	1056	1100	1070	1014	975	1072	1016	956	955	921	892	902	902	889	841	827	811	851	774	816	726	785	754	705	713	766	756	729	687	678	641	651	655	660	657	668	594	606	587	602	605	590	605	587	529	541	566	500	554	521	528	533	526	518	513	505	453	500	458	487	506	443	464	485	485	483	439	472	436	472	400	404	426	411	426	398	442	416	384	397	426	393	401	387	376	400	366	389	351	365	389	374	379	345	332	339	389	312	355	311	349	339	310	338	310	314	309	297	329	307	355	306	301	303	316	307	300	297	287	310	291	251	279	288	262	240	280	280	284	291	285	274	259	257	277	243	245	260	252	262	242	250	262	272	269	269	235	254	253	241	255	237	269	220	232	278	235	243	223	242	236	251	210	239	208	228	212	212	259	206	209	196	231	204	218	206	213	210	217	198	213	198	181	209	214	220	199	197	211	227	169	194	187	168	211	173	192	177	202	174	183	192	198	178	166	182	167	182	171	168	187	206	189	180	182	171	180	181	195	153	170	170	155	161	163	170	155	162	151	177	186	161	179	158	138	190	147	155	191	163	182	130	143	165	146	158	176	125	143	155	156	161	144	153	142	156	135	143	136	137	145	143	130	140	143	141	149	133	135	143	138	171	141	144	151	153	131	139	151	130	128	135	139	139	138	136	138	108	126	115	135	130	124	119	120	126	141	119	117	113	123	112	128	127	129	105	101	133	114	119	130	112	112	122	111	129	114	113	121	115	87	120	129	103	128	121	123	131	96	107	121	115	127	117	114	99	126	107	120	130	125	109	103	119	98	116	107	120	98	138	102	113	122	109	140	129	118	115	118	113	107	104	117	117	104	116	97	98	104	111	103	105	87	108	107	88	106	95	102	105	113	117	113	92	125	120	101	112	89	111	98	118	105	94	126	99	95	80	79	89	102	78	88	95	96	105	76	110	103	109	94	85	104	86	89	91	74	103	89	100	99	85	91	103	101	76	105	95	95	83	88	93	94	87	80	84	90	103	88	87	80	84	94	98	91	92	88	85	99	88	79	84	88	89	94	92	85	82	66	95	95	90	83	74	80	79	86	93	83	80	99	66	73	83	80	86	73	86	87	77	83	75	66	77	89	75	95	75	82	83	76	84	86	76	86	79	75	67	66	68	76	69	65	89	83	93	57	78	71	92	64	66	88	78	94	68	86	75	77	71	79	75	73	72	78	90	76	75	67	90	71	77	78	70	59	52	79	74	63	74	76	62	78	78	65	74	104	76	79	72	69	69	67	61	86	70	76	73	69	81	81	55	65	86	70	69	74	75	70	70	74	73	85	70	72	72	68	78	84	52	83	65	64	76	67	70	68	73	68	73	60	58	70	55	55	68	61	65	72	41	76	65	54	44	55	57	71	73	58	72	59	57	64	54	66	64	71	69	66	63	77	58	61	74	64	66	79	67	74	64	52	47	58	51	53	48	69	64	46	51	66	56	65	66	54	75	59	65	59	65	68	52	70	65	61	50	71	51	73	54	50	65	63	65	53	63	43	56	55	56	64	56	59	62	62	45	46	49	49	43	59	54	48	55	49	64	41	56	58	50	50	64	53	64	53	46	57	53	52	58	62	73	60	51	70	52	44	60	45	60	52	51	58	53	68	46	67	53	52	56	53	69	51	55	58	64	51	59	58	63	51	49	66	49	51	43	52	48	47	56	38	57	45	51	41	58	57	46	58	50	54	60	58	64	53	46	56	57	50	63	64	37	54	41	43	49	66	40	55	56	49	55	55	56	53	54	44	50	55	47	61	41	45	49	54	41	59	53	62	29	50	41	51	58	65	48	47	41	38	58	42	55	51	46	49	42	56	49	48	41	50	49	65	61	59	56	50	51	67	55	61	40	52	52	42	49	49	43	43	44	47	50	49	45	48	44	60	43	49	45	42	49	58	43	43	56	42	45	43	57	45	46	46	49	49	36	50	42	43	52	36	48	54	47	48	47	40	53	40	47	42	44	39	51	39	46	37	38	42	43	50	38	36	30	42	36	39	63	51	39	61	40	48	39	47	37	43	53	38	40	54	30	41	41	41	51	41	46	44	52	59	48	46	49	40	46	36	43	43	58	47	53	41	46	48	39	47	36	49	51	35	39	49	47	45	32	37	47
4	23750213	1381079	359761	172495	103811	68656	48879	36728	28602	23087	18933	15977	13468	11686	10426	9081	8183	7372	6736	6168	5545	5320	4860	4461	4287	3969	3681	3461	3347	3212	2982	2846	2739	2642	2500	2476	2259	2201	2057	2057	2068	1943	1840	1868	1758	1694	1641	1557	1542	1529	1410	1430	1353	1422	1359	1302	1272	1301	1229	1237	1167	1135	1111	1036	1066	1047	1031	982	941	1004	972	890	964	887	858	893	857	891	845	820	810	832	835	801	738	757	772	707	738	721	755	699	681	666	651	635	635	606	650	599	610	561	593	604	631	624	601	590	579	593	495	579	510	513	538	515	567	573	499	499	477	512	494	494	474	472	468	461	408	439	402	411	458	412	433	414	461	431	418	370	414	428	375	375	387	407	410	359	375	416	359	361	361	355	383	363	345	326	337	312	332	340	305	349	329	325	320	324	325	321	293	288	320	298	292	305	304	296	294	328	302	293	275	287	263	279	282	271	291	279	274	281	272	291	283	271	245	281	270	246	261	292	250	262	260	234	248	256	261	251	243	245	269	285	229	260	247	223	272	229	248	247	248	230	219	233	224	245	222	223	259	212	220	211	217	242	196	188	194	208	219	206	199	212	208	202	207	199	203	208	167	190	200	164	194	201	201	206	197	199	188	184	191	177	168	181	192	169	180	187	176	179	183	172	178	154	146	186	171	156	179	173	179	182	185	195	170	170	177	168	179	161	167	168	168	164	152	181	170	154	171	179	148	155	141	131	163	159	149	156	175	135	159	166	173	163	134	168	137	134	145	126	139	128	132	144	145	154	150	113	149	142	140	150	125	98	139	143	150	142	144	149	150	136	133	153	120	145	138	154	126	132	123	134	126	133	120	131	118	117	145	119	130	146	102	130	141	124	120	138	130	117	124	117	132	114	119	119	113	106	101	111	109	102	125	129	111	108	106	97	122	111	125	114	97	131	129	109	111	126	98	106	103	103	109	108	131	111	117	112	103	123	107	115	118	113	108	107	112	97	123	106	107	102	109	101	136	112	136	104	99	126	98	102	115	110	103	103	101	101	91	107	118	96	99	103	78	95	103	81	101	103	103	117	103	92	120	100	95	102	99	85	93	93	87	93	79	96	84	110	93	93	93	95	98	103	96	88	93	79	99	87	105	92	108	111	90	98	95	77	106	84	82	84	84	93	112	111	65	107	87	85	104	77	90	96	88	90	96	76	79	97	87	90	100	84	101	93	94	74	95	86	88	72	84	98	69	95	92	84	77	80	77	66	77	66	80	69	78	82	100	96	72	78	69	79	85	95	95	83	85	76	106	84	73	74	95	94	69	66	85	75	73	85	68	81	71	69	67	79	82	74	69	76	80	81	86	67	58	69	76	67	72	91	87	80	91	88	80	78	70	83	74	71	91	64	88	81	58	71	87	56	80	63	85	64	79	75	68	77	62	77	63	74	69	83	57	69	62	76	80	69	64	81	75	78	83	72	76	56	68	88	66	68	66	55	70	68	91	75	64	84	78	86	65	49	63	79	67	63	87	63	61	64	77	72	69	64	69	67	62	70	53	59	72	63	68	56	50	67	58	61	51	59	63	63	71	53	65	58	55	66	50	56	79	62	69	55	69	48	53	66	60	59	62	52	86	50	56	63	47	47	56	52	71	43	55	61	56	54	83	56	52	67	66	60	57	53	67	62	71	68	49	55	60	49	70	46	65	53	57	53	43	47	45	63	55	61	46	63	65	65	50	44	48	61	63	51	57	59	59	43	54	50	58	44	69	56	59	57	50	70	67	50	59	63	59	41	48	74	58	63	50	58	60	50	64	51	55	67	54	48	50	59	44	64	49	51	60	53	60	40	58	58	75	48	62	59	60	44	54	75	56	62	54	62	54	62	46	52	54	58	49	51	51	54	53	46	49	53	45	58	51	48	43	43	47	45	74	34	45	52	59	45	49	57	52	45	59	51	48	43	53	62	55	56	61	54	56	72	48	57	48	50	44	48	61	72	57	57	62	47	48	48	40	46	50	52	56	59	54	43	48	42	47	52	52	49	56	49	51	44	53	32	54	45	47	40	45	41	50	56	43	48	47	37	40	43	39	53	61	57	53	50	44	49	47	45	43	62	32	34	40	52	33	42	46	35	46	43	39	43	54	48	48	52	48	44	57	46	48	43	45	37	41	34	58	39	46	49	39	57	49	42	39	48	44	46	42	38	58	42	42	57	41	58	48	43	50	44	53	44	52	50	53	52	55	37	52	27	45	49	47	47	48	45	42	29	36	52	42	45	42	41	62	34	52	38	43	36	41	34	56	41	35	39	36	48	61	48	41
7	23746930	1383739	359400	173966	103773	68329	49571	36562	28465	23011	18956	15789	13401	11628	10276	9154	8229	7512	6722	6144	5564	5253	4906	4388	4183	3945	3671	3405	3371	3150	3065	2841	2837	2646	2508	2414	2288	2178	2177	2121	1947	1882	1884	1784	1765	1713	1577	1555	1559	1404	1513	1482	1449	1357	1296	1259	1248	1223	1221	1199	1210	1244	1061	1140	1097	1017	994	1036	982	973	954	955	936	924	898	870	876	832	826	801	798	807	784	809	788	761	742	748	769	656	708	670	660	710	676	686	623	689	621	664	641	632	596	573	557	615	608	576	622	561	558	488	539	562	505	468	511	485	513	543	420	493	447	457	445	505	500	445	470	454	434	440	468	446	416	446	419	437	402	373	440	417	360	399	370	369	430	384	419	370	342	394	384	375	360	372	327	340	359	368	343	330	350	320	326	343	318	301	314	318	327	285	306	299	306	282	305	275	289	297	293	298	279	287	313	281	271	289	304	299	246	307	290	287	302	297	272	279	266	270	243	258	269	236	261	265	222	228	256	243	226	221	246	255	223	254	216	239	239	214	241	240	238	232	228	217	202	250	211	209	232	224	226	195	197	218	201	218	204	216	210	187	220	194	198	198	200	206	190	189	197	218	189	188	226	205	212	187	194	194	182	191	177	197	174	186	180	184	168	181	212	186	183	157	196	175	174	170	178	160	167	175	168	180	176	159	169	169	171	183	203	153	179	161	138	127	152	173	143	193	168	172	132	146	163	159	166	161	159	182	153	143	168	164	132	161	161	165	167	146	141	129	136	142	139	146	130	130	123	164	126	141	154	111	150	149	151	174	111	137	148	116	128	134	146	117	113	141	115	120	143	133	134	125	119	118	127	117	129	148	134	133	120	124	131	125	117	127	128	135	128	119	125	121	127	131	124	119	130	104	119	121	116	126	134	101	135	131	117	121	110	127	112	129	137	115	97	94	95	102	111	104	107	109	102	112	118	109	124	97	114	119	114	120	113	120	109	97	133	99	118	101	104	123	115	100	94	112	136	92	87	100	114	112	111	97	103	122	111	92	111	104	94	87	84	114	111	116	124	98	108	97	89	97	96	110	101	120	109	117	89	92	85	92	92	106	76	87	84	93	108	103	93	85	104	93	90	97	88	85	84	83	99	102	88	80	94	96	100	89	78	82	94	90	79	89	98	78	101	94	95	79	94	98	77	82	107	91	92	93	84	80	82	88	86	104	90	96	98	87	70	86	94	94	83	79	106	110	69	76	83	98	71	89	88	87	76	78	78	91	93	75	75	81	68	83	80	81	97	90	110	91	72	92	74	67	85	91	72	83	70	74	70	91	65	83	84	79	69	78	79	78	83	74	72	82	87	66	78	73	66	64	94	72	74	67	72	61	66	79	71	79	72	80	75	83	77	65	71	90	76	63	80	62	80	72	75	66	79	72	86	72	72	76	67	79	53	67	72	65	66	62	58	80	62	76	69	78	66	63	76	71	68	86	72	61	56	61	68	86	73	74	71	82	70	80	57	51	71	71	77	55	68	70	62	58	69	51	65	73	68	63	57	69	68	63	78	62	81	57	76	63	72	51	64	57	75	70	63	55	68	56	58	86	66	66	78	77	58	60	41	71	52	78	57	66	65	55	59	51	56	45	62	75	65	49	58	64	72	58	55	53	45	62	59	57	53	55	56	67	71	61	64	65	47	68	71	50	48	49	69	71	50	60	63	76	45	46	56	51	65	70	60	61	55	57	50	48	62	64	46	50	55	55	51	45	54	57	41	50	56	53	61	53	55	50	59	59	60	61	54	47	55	57	65	52	53	53	46	55	53	50	58	50	64	58	49	57	60	38	60	60	42	56	56	52	73	50	43	52	37	49	44	60	39	58	62	58	60	54	47	52	64	51	54	55	42	48	46	54	48	48	51	67	67	48	59	60	42	57	50	62	58	49	51	38	50	53	43	40	56	48	43	40	64	51	54	45	44	47	41	45	50	58	44	51	57	53	62	51	51	46	52	45	55	45	56	51	41	55	60	50	50	47	41	56	44	59	51	38	55	49	47	31	51	64	51	51	49	45	62	45	53	46	40	51	39	45	49	48	47	45	33	51	45	48	61	47	55	42	58	61	53	51	55	57	50	54	59	44	57	44	55	50	54	49	43	44	36	39	29	55	48	44	40	51	48	49	34	50	42	56	44	46	49	41	42	43	54	40	47	40	35	33	45	36	41	40	42	35	38	44	41	61	48	42	44	44	36	48	55	36	55	47	43	59	37	49	37	39	41	44	35	50	44	39	45	51	41	38	49	41	44	46	52	49	49	38	52	46	44
