Variant_Type,Panel,Bin_Center,Binned_SFS,Binned_Std,Replicate
synonymous,H,1.4142135623730951,19.51392254468186,0.19604176912360632,uniform
synonymous,H,2.8284271247461903,4.282202386409438,0.20678415168869724,uniform
synonymous,H,5.656854249492381,3.6478887232681814,0.2379678601124925,uniform
synonymous,H,11.661903789690601,2.0498162010921135,0.32076913298179643,uniform
synonymous,H,24.392621835300936,1.1638836494354052,0.32760931931941206,uniform
synonymous,H,59.16079783099616,1.3335801091318444,0.6833035118931219,uniform
synonymous,H,100.0,2.3927200817109053,4.7214948247212085,uniform
synonymous,E,1.4142135623730951,0.0,0.0,pca_0.0015_rep1
synonymous,E,2.8284271247461903,0.0,0.0,pca_0.0015_rep1
synonymous,E,5.656854249492381,0.0,0.0,pca_0.0015_rep1
synonymous,E,11.661903789690601,0.0,0.0,pca_0.0015_rep1
synonymous,E,24.392621835300936,0.0,0.0,pca_0.0015_rep1
synonymous,E,59.16079783099616,0.0,0.0,pca_0.0015_rep1
synonymous,E,100.0,1.0,0.0,pca_0.0015_rep1
synonymous,E,1.4142135623730951,0.0,0.0,pca_0.0015_rep2
synonymous,E,2.8284271247461903,0.0,0.0,pca_0.0015_rep2
synonymous,E,5.656854249492381,0.0,0.0,pca_0.0015_rep2
synonymous,E,11.661903789690601,1.0,0.0,pca_0.0015_rep2
synonymous,E,24.392621835300936,0.0,0.0,pca_0.0015_rep2
synonymous,E,59.16079783099616,0.0,0.0,pca_0.0015_rep2
synonymous,E,100.0,0.0,0.0,pca_0.0015_rep2
synonymous,E,1.4142135623730951,1.0,0.0,pca_0.0015_rep3
synonymous,E,2.8284271247461903,0.0,0.0,pca_0.0015_rep3
synonymous,E,5.656854249492381,0.0,0.0,pca_0.0015_rep3
synonymous,E,11.661903789690601,0.0,0.0,pca_0.0015_rep3
synonymous,E,24.392621835300936,0.0,0.0,pca_0.0015_rep3
synonymous,E,59.16079783099616,0.0,0.0,pca_0.0015_rep3
synonymous,E,100.0,0.0,0.0,pca_0.0015_rep3
synonymous,E,1.4142135623730951,1.0,0.0,pca_0.0015_rep4
synonymous,E,2.8284271247461903,0.0,0.0,pca_0.0015_rep4
synonymous,E,5.656854249492381,0.0,0.0,pca_0.0015_rep4
synonymous,E,11.661903789690601,0.0,0.0,pca_0.0015_rep4
synonymous,E,24.392621835300936,0.0,0.0,pca_0.0015_rep4
synonymous,E,59.16079783099616,0.0,0.0,pca_0.0015_rep4
synonymous,E,100.0,0.0,0.0,pca_0.0015_rep4
synonymous,E,1.4142135623730951,1.0,0.0,pca_0.0015_rep5
synonymous,E,2.8284271247461903,0.0,0.0,pca_0.0015_rep5
synonymous,E,5.656854249492381,0.0,0.0,pca_0.0015_rep5
synonymous,E,11.661903789690601,0.0,0.0,pca_0.0015_rep5
synonymous,E,24.392621835300936,0.0,0.0,pca_0.0015_rep5
synonymous,E,59.16079783099616,0.0,0.0,pca_0.0015_rep5
synonymous,E,100.0,0.0,0.0,pca_0.0015_rep5
synonymous,E,1.4142135623730951,0.0,0.0,pca_0.0015_rep6
synonymous,E,2.8284271247461903,0.0,0.0,pca_0.0015_rep6
synonymous,E,5.656854249492381,0.0,0.0,pca_0.0015_rep6
synonymous,E,11.661903789690601,0.0,0.0,pca_0.0015_rep6
synonymous,E,24.392621835300936,0.0,0.0,pca_0.0015_rep6
synonymous,E,59.16079783099616,0.0,0.0,pca_0.0015_rep6
synonymous,E,100.0,0.0,0.0,pca_0.0015_rep6
synonymous,E,1.4142135623730951,0.0,0.0,pca_0.0015_rep7
synonymous,E,2.8284271247461903,0.0,0.0,pca_0.0015_rep7
synonymous,E,5.656854249492381,0.0,0.0,pca_0.0015_rep7
synonymous,E,11.661903789690601,0.0,0.0,pca_0.0015_rep7
synonymous,E,24.392621835300936,0.0,0.0,pca_0.0015_rep7
synonymous,E,59.16079783099616,0.0,0.0,pca_0.0015_rep7
synonymous,E,100.0,0.0,0.0,pca_0.0015_rep7
synonymous,E,1.4142135623730951,0.0,0.0,pca_0.0015_rep8
synonymous,E,2.8284271247461903,0.0,0.0,pca_0.0015_rep8
synonymous,E,5.656854249492381,0.0,0.0,pca_0.0015_rep8
synonymous,E,11.661903789690601,0.0,0.0,pca_0.0015_rep8
synonymous,E,24.392621835300936,0.0,0.0,pca_0.0015_rep8
synonymous,E,59.16079783099616,0.0,0.0,pca_0.0015_rep8
synonymous,E,100.0,0.0,0.0,pca_0.0015_rep8
synonymous,E,1.4142135623730951,0.0,0.0,pca_0.0015_rep9
synonymous,E,2.8284271247461903,0.0,0.0,pca_0.0015_rep9
synonymous,E,5.656854249492381,0.0,0.0,pca_0.0015_rep9
synonymous,E,11.661903789690601,0.0,0.0,pca_0.0015_rep9
synonymous,E,24.392621835300936,0.0,0.0,pca_0.0015_rep9
synonymous,E,59.16079783099616,0.0,0.0,pca_0.0015_rep9
synonymous,E,100.0,0.0,0.0,pca_0.0015_rep9
synonymous,E,1.4142135623730951,0.0,0.0,pca_0.0015_rep10
synonymous,E,2.8284271247461903,0.0,0.0,pca_0.0015_rep10
synonymous,E,5.656854249492381,0.0,0.0,pca_0.0015_rep10
synonymous,E,11.661903789690601,0.0,0.0,pca_0.0015_rep10
synonymous,E,24.392621835300936,0.0,0.0,pca_0.0015_rep10
synonymous,E,59.16079783099616,0.0,0.0,pca_0.0015_rep10
synonymous,E,100.0,0.0,0.0,pca_0.0015_rep10
synonymous,F,1.4142135623730951,0.0,0.0,pca_0.0025_rep1
synonymous,F,2.8284271247461903,0.0,0.0,pca_0.0025_rep1
synonymous,F,5.656854249492381,0.0,0.0,pca_0.0025_rep1
synonymous,F,11.661903789690601,0.0,0.0,pca_0.0025_rep1
synonymous,F,24.392621835300936,0.0,0.0,pca_0.0025_rep1
synonymous,F,59.16079783099616,0.0,0.0,pca_0.0025_rep1
synonymous,F,100.0,1.0,0.0,pca_0.0025_rep1
synonymous,F,1.4142135623730951,0.0,0.0,pca_0.0025_rep2
synonymous,F,2.8284271247461903,0.0,0.0,pca_0.0025_rep2
synonymous,F,5.656854249492381,0.0,0.0,pca_0.0025_rep2
synonymous,F,11.661903789690601,1.0,0.0,pca_0.0025_rep2
synonymous,F,24.392621835300936,0.0,0.0,pca_0.0025_rep2
synonymous,F,59.16079783099616,0.0,0.0,pca_0.0025_rep2
synonymous,F,100.0,0.0,0.0,pca_0.0025_rep2
synonymous,F,1.4142135623730951,1.0,0.0,pca_0.0025_rep3
synonymous,F,2.8284271247461903,0.0,0.0,pca_0.0025_rep3
synonymous,F,5.656854249492381,0.0,0.0,pca_0.0025_rep3
synonymous,F,11.661903789690601,0.0,0.0,pca_0.0025_rep3
synonymous,F,24.392621835300936,0.0,0.0,pca_0.0025_rep3
synonymous,F,59.16079783099616,0.0,0.0,pca_0.0025_rep3
synonymous,F,100.0,0.0,0.0,pca_0.0025_rep3
synonymous,F,1.4142135623730951,0.0,0.0,pca_0.0025_rep4
synonymous,F,2.8284271247461903,1.0,0.0,pca_0.0025_rep4
synonymous,F,5.656854249492381,0.0,0.0,pca_0.0025_rep4
synonymous,F,11.661903789690601,0.0,0.0,pca_0.0025_rep4
synonymous,F,24.392621835300936,0.0,0.0,pca_0.0025_rep4
synonymous,F,59.16079783099616,0.0,0.0,pca_0.0025_rep4
synonymous,F,100.0,0.0,0.0,pca_0.0025_rep4
synonymous,F,1.4142135623730951,1.0,0.0,pca_0.0025_rep5
synonymous,F,2.8284271247461903,0.0,0.0,pca_0.0025_rep5
synonymous,F,5.656854249492381,0.0,0.0,pca_0.0025_rep5
synonymous,F,11.661903789690601,0.0,0.0,pca_0.0025_rep5
synonymous,F,24.392621835300936,0.0,0.0,pca_0.0025_rep5
synonymous,F,59.16079783099616,0.0,0.0,pca_0.0025_rep5
synonymous,F,100.0,0.0,0.0,pca_0.0025_rep5
synonymous,F,1.4142135623730951,0.0,0.0,pca_0.0025_rep6
synonymous,F,2.8284271247461903,0.0,0.0,pca_0.0025_rep6
synonymous,F,5.656854249492381,0.0,0.0,pca_0.0025_rep6
synonymous,F,11.661903789690601,0.0,0.0,pca_0.0025_rep6
synonymous,F,24.392621835300936,0.0,0.0,pca_0.0025_rep6
synonymous,F,59.16079783099616,0.0,0.0,pca_0.0025_rep6
synonymous,F,100.0,0.0,0.0,pca_0.0025_rep6
synonymous,F,1.4142135623730951,0.0,0.0,pca_0.0025_rep7
synonymous,F,2.8284271247461903,0.0,0.0,pca_0.0025_rep7
synonymous,F,5.656854249492381,0.0,0.0,pca_0.0025_rep7
synonymous,F,11.661903789690601,0.0,0.0,pca_0.0025_rep7
synonymous,F,24.392621835300936,0.0,0.0,pca_0.0025_rep7
synonymous,F,59.16079783099616,0.0,0.0,pca_0.0025_rep7
synonymous,F,100.0,0.0,0.0,pca_0.0025_rep7
synonymous,F,1.4142135623730951,0.0,0.0,pca_0.0025_rep8
synonymous,F,2.8284271247461903,0.0,0.0,pca_0.0025_rep8
synonymous,F,5.656854249492381,0.0,0.0,pca_0.0025_rep8
synonymous,F,11.661903789690601,0.0,0.0,pca_0.0025_rep8
synonymous,F,24.392621835300936,0.0,0.0,pca_0.0025_rep8
synonymous,F,59.16079783099616,0.0,0.0,pca_0.0025_rep8
synonymous,F,100.0,0.0,0.0,pca_0.0025_rep8
synonymous,F,1.4142135623730951,0.0,0.0,pca_0.0025_rep9
synonymous,F,2.8284271247461903,0.0,0.0,pca_0.0025_rep9
synonymous,F,5.656854249492381,0.0,0.0,pca_0.0025_rep9
synonymous,F,11.661903789690601,0.0,0.0,pca_0.0025_rep9
synonymous,F,24.392621835300936,0.0,0.0,pca_0.0025_rep9
synonymous,F,59.16079783099616,0.0,0.0,pca_0.0025_rep9
synonymous,F,100.0,0.0,0.0,pca_0.0025_rep9
synonymous,F,1.4142135623730951,0.0,0.0,pca_0.0025_rep10
synonymous,F,2.8284271247461903,0.0,0.0,pca_0.0025_rep10
synonymous,F,5.656854249492381,0.0,0.0,pca_0.0025_rep10
synonymous,F,11.661903789690601,0.0,0.0,pca_0.0025_rep10
synonymous,F,24.392621835300936,0.0,0.0,pca_0.0025_rep10
synonymous,F,59.16079783099616,0.0,0.0,pca_0.0025_rep10
synonymous,F,100.0,0.0,0.0,pca_0.0025_rep10
synonymous,G,1.4142135623730951,0.0,0.0,pca_0.005_rep1
synonymous,G,2.8284271247461903,0.0,0.0,pca_0.005_rep1
synonymous,G,5.656854249492381,0.0,0.0,pca_0.005_rep1
synonymous,G,11.661903789690601,0.0,0.0,pca_0.005_rep1
synonymous,G,24.392621835300936,0.0,0.0,pca_0.005_rep1
synonymous,G,59.16079783099616,0.0,0.0,pca_0.005_rep1
synonymous,G,100.0,1.0,0.0,pca_0.005_rep1
synonymous,G,1.4142135623730951,0.0,0.0,pca_0.005_rep2
synonymous,G,2.8284271247461903,0.0,0.0,pca_0.005_rep2
synonymous,G,5.656854249492381,0.0,0.0,pca_0.005_rep2
synonymous,G,11.661903789690601,0.0,0.0,pca_0.005_rep2
synonymous,G,24.392621835300936,1.0,0.0,pca_0.005_rep2
synonymous,G,59.16079783099616,0.0,0.0,pca_0.005_rep2
synonymous,G,100.0,0.0,0.0,pca_0.005_rep2
synonymous,G,1.4142135623730951,1.0,0.0,pca_0.005_rep3
synonymous,G,2.8284271247461903,0.0,0.0,pca_0.005_rep3
synonymous,G,5.656854249492381,0.0,0.0,pca_0.005_rep3
synonymous,G,11.661903789690601,0.0,0.0,pca_0.005_rep3
synonymous,G,24.392621835300936,0.0,0.0,pca_0.005_rep3
synonymous,G,59.16079783099616,0.0,0.0,pca_0.005_rep3
synonymous,G,100.0,0.0,0.0,pca_0.005_rep3
synonymous,G,1.4142135623730951,0.0,0.0,pca_0.005_rep4
synonymous,G,2.8284271247461903,1.0,0.0,pca_0.005_rep4
synonymous,G,5.656854249492381,0.0,0.0,pca_0.005_rep4
synonymous,G,11.661903789690601,0.0,0.0,pca_0.005_rep4
synonymous,G,24.392621835300936,0.0,0.0,pca_0.005_rep4
synonymous,G,59.16079783099616,0.0,0.0,pca_0.005_rep4
synonymous,G,100.0,0.0,0.0,pca_0.005_rep4
synonymous,G,1.4142135623730951,1.0,0.0,pca_0.005_rep5
synonymous,G,2.8284271247461903,0.0,0.0,pca_0.005_rep5
synonymous,G,5.656854249492381,0.0,0.0,pca_0.005_rep5
synonymous,G,11.661903789690601,0.0,0.0,pca_0.005_rep5
synonymous,G,24.392621835300936,0.0,0.0,pca_0.005_rep5
synonymous,G,59.16079783099616,0.0,0.0,pca_0.005_rep5
synonymous,G,100.0,0.0,0.0,pca_0.005_rep5
synonymous,G,1.4142135623730951,0.0,0.0,pca_0.005_rep6
synonymous,G,2.8284271247461903,0.0,0.0,pca_0.005_rep6
synonymous,G,5.656854249492381,0.0,0.0,pca_0.005_rep6
synonymous,G,11.661903789690601,0.0,0.0,pca_0.005_rep6
synonymous,G,24.392621835300936,0.0,0.0,pca_0.005_rep6
synonymous,G,59.16079783099616,0.0,0.0,pca_0.005_rep6
synonymous,G,100.0,0.0,0.0,pca_0.005_rep6
synonymous,G,1.4142135623730951,0.0,0.0,pca_0.005_rep7
synonymous,G,2.8284271247461903,0.0,0.0,pca_0.005_rep7
synonymous,G,5.656854249492381,0.0,0.0,pca_0.005_rep7
synonymous,G,11.661903789690601,0.0,0.0,pca_0.005_rep7
synonymous,G,24.392621835300936,0.0,0.0,pca_0.005_rep7
synonymous,G,59.16079783099616,0.0,0.0,pca_0.005_rep7
synonymous,G,100.0,0.0,0.0,pca_0.005_rep7
synonymous,G,1.4142135623730951,0.0,0.0,pca_0.005_rep8
synonymous,G,2.8284271247461903,0.0,0.0,pca_0.005_rep8
synonymous,G,5.656854249492381,0.0,0.0,pca_0.005_rep8
synonymous,G,11.661903789690601,0.0,0.0,pca_0.005_rep8
synonymous,G,24.392621835300936,0.0,0.0,pca_0.005_rep8
synonymous,G,59.16079783099616,0.0,0.0,pca_0.005_rep8
synonymous,G,100.0,0.0,0.0,pca_0.005_rep8
synonymous,G,1.4142135623730951,0.0,0.0,pca_0.005_rep9
synonymous,G,2.8284271247461903,0.0,0.0,pca_0.005_rep9
synonymous,G,5.656854249492381,0.0,0.0,pca_0.005_rep9
synonymous,G,11.661903789690601,0.0,0.0,pca_0.005_rep9
synonymous,G,24.392621835300936,0.0,0.0,pca_0.005_rep9
synonymous,G,59.16079783099616,0.0,0.0,pca_0.005_rep9
synonymous,G,100.0,0.0,0.0,pca_0.005_rep9
synonymous,G,1.4142135623730951,0.0,0.0,pca_0.005_rep10
synonymous,G,2.8284271247461903,0.0,0.0,pca_0.005_rep10
synonymous,G,5.656854249492381,0.0,0.0,pca_0.005_rep10
synonymous,G,11.661903789690601,0.0,0.0,pca_0.005_rep10
synonymous,G,24.392621835300936,0.0,0.0,pca_0.005_rep10
synonymous,G,59.16079783099616,0.0,0.0,pca_0.005_rep10
synonymous,G,100.0,0.0,0.0,pca_0.005_rep10
synonymous,D,1.4142135623730951,15.720914090362925,0.35405496923448954,uniformgeo
synonymous,D,2.8284271247461903,1.9731602141258122,0.179225056750544,uniformgeo
synonymous,D,5.656854249492381,1.1334553187312224,0.13655730716796355,uniformgeo
synonymous,D,11.661903789690601,0.6536239499343139,0.17164449101528834,uniformgeo
synonymous,D,24.392621835300936,0.416634066565166,0.1982503115126466,uniformgeo
synonymous,D,59.16079783099616,0.4722242861209054,0.38596627700901887,uniformgeo
synonymous,D,100.0,1.6782394703695331,3.756991526649787,uniformgeo
synonymous,A,1.4142135623730951,0.0,0.0,geo_50000_rep1
synonymous,A,2.8284271247461903,0.0,0.0,geo_50000_rep1
synonymous,A,5.656854249492381,0.0,0.0,geo_50000_rep1
synonymous,A,11.661903789690601,0.0,0.0,geo_50000_rep1
synonymous,A,24.392621835300936,0.0,0.0,geo_50000_rep1
synonymous,A,59.16079783099616,0.0,0.0,geo_50000_rep1
synonymous,A,100.0,3.0,0.0,geo_50000_rep1
synonymous,A,1.4142135623730951,0.0,0.0,geo_50000_rep2
synonymous,A,2.8284271247461903,0.0,0.0,geo_50000_rep2
synonymous,A,5.656854249492381,2.0,0.0,geo_50000_rep2
synonymous,A,11.661903789690601,1.0,0.0,geo_50000_rep2
synonymous,A,24.392621835300936,0.0,0.0,geo_50000_rep2
synonymous,A,59.16079783099616,0.0,0.0,geo_50000_rep2
synonymous,A,100.0,0.0,0.0,geo_50000_rep2
synonymous,A,1.4142135623730951,1.0,0.0,geo_50000_rep3
synonymous,A,2.8284271247461903,0.0,0.0,geo_50000_rep3
synonymous,A,5.656854249492381,0.0,0.0,geo_50000_rep3
synonymous,A,11.661903789690601,0.0,0.0,geo_50000_rep3
synonymous,A,24.392621835300936,0.0,0.0,geo_50000_rep3
synonymous,A,59.16079783099616,0.0,0.0,geo_50000_rep3
synonymous,A,100.0,0.0,0.0,geo_50000_rep3
synonymous,A,1.4142135623730951,2.0,0.0,geo_50000_rep4
synonymous,A,2.8284271247461903,0.0,0.0,geo_50000_rep4
synonymous,A,5.656854249492381,0.0,0.0,geo_50000_rep4
synonymous,A,11.661903789690601,0.0,0.0,geo_50000_rep4
synonymous,A,24.392621835300936,0.0,0.0,geo_50000_rep4
synonymous,A,59.16079783099616,0.0,0.0,geo_50000_rep4
synonymous,A,100.0,0.0,0.0,geo_50000_rep4
synonymous,A,1.4142135623730951,0.0,0.0,geo_50000_rep5
synonymous,A,2.8284271247461903,0.0,0.0,geo_50000_rep5
synonymous,A,5.656854249492381,0.0,0.0,geo_50000_rep5
synonymous,A,11.661903789690601,0.0,0.0,geo_50000_rep5
synonymous,A,24.392621835300936,0.0,0.0,geo_50000_rep5
synonymous,A,59.16079783099616,0.0,0.0,geo_50000_rep5
synonymous,A,100.0,0.0,0.0,geo_50000_rep5
synonymous,A,1.4142135623730951,0.0,0.0,geo_50000_rep6
synonymous,A,2.8284271247461903,0.0,0.0,geo_50000_rep6
synonymous,A,5.656854249492381,0.0,0.0,geo_50000_rep6
synonymous,A,11.661903789690601,0.0,0.0,geo_50000_rep6
synonymous,A,24.392621835300936,0.0,0.0,geo_50000_rep6
synonymous,A,59.16079783099616,0.0,0.0,geo_50000_rep6
synonymous,A,100.0,0.0,0.0,geo_50000_rep6
synonymous,A,1.4142135623730951,0.0,0.0,geo_50000_rep7
synonymous,A,2.8284271247461903,0.0,0.0,geo_50000_rep7
synonymous,A,5.656854249492381,0.0,0.0,geo_50000_rep7
synonymous,A,11.661903789690601,0.0,0.0,geo_50000_rep7
synonymous,A,24.392621835300936,0.0,0.0,geo_50000_rep7
synonymous,A,59.16079783099616,0.0,0.0,geo_50000_rep7
synonymous,A,100.0,0.0,0.0,geo_50000_rep7
synonymous,A,1.4142135623730951,0.0,0.0,geo_50000_rep8
synonymous,A,2.8284271247461903,0.0,0.0,geo_50000_rep8
synonymous,A,5.656854249492381,0.0,0.0,geo_50000_rep8
synonymous,A,11.661903789690601,0.0,0.0,geo_50000_rep8
synonymous,A,24.392621835300936,0.0,0.0,geo_50000_rep8
synonymous,A,59.16079783099616,0.0,0.0,geo_50000_rep8
synonymous,A,100.0,0.0,0.0,geo_50000_rep8
synonymous,A,1.4142135623730951,0.0,0.0,geo_50000_rep9
synonymous,A,2.8284271247461903,0.0,0.0,geo_50000_rep9
synonymous,A,5.656854249492381,0.0,0.0,geo_50000_rep9
synonymous,A,11.661903789690601,0.0,0.0,geo_50000_rep9
synonymous,A,24.392621835300936,0.0,0.0,geo_50000_rep9
synonymous,A,59.16079783099616,0.0,0.0,geo_50000_rep9
synonymous,A,100.0,0.0,0.0,geo_50000_rep9
synonymous,A,1.4142135623730951,0.0,0.0,geo_50000_rep10
synonymous,A,2.8284271247461903,0.0,0.0,geo_50000_rep10
synonymous,A,5.656854249492381,0.0,0.0,geo_50000_rep10
synonymous,A,11.661903789690601,0.0,0.0,geo_50000_rep10
synonymous,A,24.392621835300936,0.0,0.0,geo_50000_rep10
synonymous,A,59.16079783099616,0.0,0.0,geo_50000_rep10
synonymous,A,100.0,0.0,0.0,geo_50000_rep10
synonymous,B,1.4142135623730951,0.0,0.0,geo_100000_rep1
synonymous,B,2.8284271247461903,0.0,0.0,geo_100000_rep1
synonymous,B,5.656854249492381,0.0,0.0,geo_100000_rep1
synonymous,B,11.661903789690601,0.0,0.0,geo_100000_rep1
synonymous,B,24.392621835300936,0.0,0.0,geo_100000_rep1
synonymous,B,59.16079783099616,0.0,0.0,geo_100000_rep1
synonymous,B,100.0,3.0,0.0,geo_100000_rep1
synonymous,B,1.4142135623730951,0.0,0.0,geo_100000_rep2
synonymous,B,2.8284271247461903,0.0,0.0,geo_100000_rep2
synonymous,B,5.656854249492381,0.0,0.0,geo_100000_rep2
synonymous,B,11.661903789690601,3.0,0.0,geo_100000_rep2
synonymous,B,24.392621835300936,0.0,0.0,geo_100000_rep2
synonymous,B,59.16079783099616,0.0,0.0,geo_100000_rep2
synonymous,B,100.0,0.0,0.0,geo_100000_rep2
synonymous,B,1.4142135623730951,1.0,0.0,geo_100000_rep3
synonymous,B,2.8284271247461903,0.0,0.0,geo_100000_rep3
synonymous,B,5.656854249492381,0.0,0.0,geo_100000_rep3
synonymous,B,11.661903789690601,0.0,0.0,geo_100000_rep3
synonymous,B,24.392621835300936,0.0,0.0,geo_100000_rep3
synonymous,B,59.16079783099616,0.0,0.0,geo_100000_rep3
synonymous,B,100.0,0.0,0.0,geo_100000_rep3
synonymous,B,1.4142135623730951,2.0,0.0,geo_100000_rep4
synonymous,B,2.8284271247461903,0.0,0.0,geo_100000_rep4
synonymous,B,5.656854249492381,0.0,0.0,geo_100000_rep4
synonymous,B,11.661903789690601,0.0,0.0,geo_100000_rep4
synonymous,B,24.392621835300936,0.0,0.0,geo_100000_rep4
synonymous,B,59.16079783099616,0.0,0.0,geo_100000_rep4
synonymous,B,100.0,0.0,0.0,geo_100000_rep4
synonymous,B,1.4142135623730951,0.0,0.0,geo_100000_rep5
synonymous,B,2.8284271247461903,0.0,0.0,geo_100000_rep5
synonymous,B,5.656854249492381,0.0,0.0,geo_100000_rep5
synonymous,B,11.661903789690601,0.0,0.0,geo_100000_rep5
synonymous,B,24.392621835300936,0.0,0.0,geo_100000_rep5
synonymous,B,59.16079783099616,0.0,0.0,geo_100000_rep5
synonymous,B,100.0,0.0,0.0,geo_100000_rep5
synonymous,B,1.4142135623730951,0.0,0.0,geo_100000_rep6
synonymous,B,2.8284271247461903,0.0,0.0,geo_100000_rep6
synonymous,B,5.656854249492381,0.0,0.0,geo_100000_rep6
synonymous,B,11.661903789690601,0.0,0.0,geo_100000_rep6
synonymous,B,24.392621835300936,0.0,0.0,geo_100000_rep6
synonymous,B,59.16079783099616,0.0,0.0,geo_100000_rep6
synonymous,B,100.0,0.0,0.0,geo_100000_rep6
synonymous,B,1.4142135623730951,0.0,0.0,geo_100000_rep7
synonymous,B,2.8284271247461903,0.0,0.0,geo_100000_rep7
synonymous,B,5.656854249492381,0.0,0.0,geo_100000_rep7
synonymous,B,11.661903789690601,0.0,0.0,geo_100000_rep7
synonymous,B,24.392621835300936,0.0,0.0,geo_100000_rep7
synonymous,B,59.16079783099616,0.0,0.0,geo_100000_rep7
synonymous,B,100.0,0.0,0.0,geo_100000_rep7
synonymous,B,1.4142135623730951,0.0,0.0,geo_100000_rep8
synonymous,B,2.8284271247461903,0.0,0.0,geo_100000_rep8
synonymous,B,5.656854249492381,0.0,0.0,geo_100000_rep8
synonymous,B,11.661903789690601,0.0,0.0,geo_100000_rep8
synonymous,B,24.392621835300936,0.0,0.0,geo_100000_rep8
synonymous,B,59.16079783099616,0.0,0.0,geo_100000_rep8
synonymous,B,100.0,0.0,0.0,geo_100000_rep8
synonymous,B,1.4142135623730951,0.0,0.0,geo_100000_rep9
synonymous,B,2.8284271247461903,0.0,0.0,geo_100000_rep9
synonymous,B,5.656854249492381,0.0,0.0,geo_100000_rep9
synonymous,B,11.661903789690601,0.0,0.0,geo_100000_rep9
synonymous,B,24.392621835300936,0.0,0.0,geo_100000_rep9
synonymous,B,59.16079783099616,0.0,0.0,geo_100000_rep9
synonymous,B,100.0,0.0,0.0,geo_100000_rep9
synonymous,B,1.4142135623730951,0.0,0.0,geo_100000_rep10
synonymous,B,2.8284271247461903,0.0,0.0,geo_100000_rep10
synonymous,B,5.656854249492381,0.0,0.0,geo_100000_rep10
synonymous,B,11.661903789690601,0.0,0.0,geo_100000_rep10
synonymous,B,24.392621835300936,0.0,0.0,geo_100000_rep10
synonymous,B,59.16079783099616,0.0,0.0,geo_100000_rep10
synonymous,B,100.0,0.0,0.0,geo_100000_rep10
synonymous,C,1.4142135623730951,0.0,0.0,geo_150000_rep1
synonymous,C,2.8284271247461903,0.0,0.0,geo_150000_rep1
synonymous,C,5.656854249492381,0.0,0.0,geo_150000_rep1
synonymous,C,11.661903789690601,0.0,0.0,geo_150000_rep1
synonymous,C,24.392621835300936,0.0,0.0,geo_150000_rep1
synonymous,C,59.16079783099616,0.0,0.0,geo_150000_rep1
synonymous,C,100.0,3.0,0.0,geo_150000_rep1
synonymous,C,1.4142135623730951,0.0,0.0,geo_150000_rep2
synonymous,C,2.8284271247461903,0.0,0.0,geo_150000_rep2
synonymous,C,5.656854249492381,0.0,0.0,geo_150000_rep2
synonymous,C,11.661903789690601,3.0,0.0,geo_150000_rep2
synonymous,C,24.392621835300936,0.0,0.0,geo_150000_rep2
synonymous,C,59.16079783099616,0.0,0.0,geo_150000_rep2
synonymous,C,100.0,0.0,0.0,geo_150000_rep2
synonymous,C,1.4142135623730951,2.0,0.0,geo_150000_rep3
synonymous,C,2.8284271247461903,0.0,0.0,geo_150000_rep3
synonymous,C,5.656854249492381,0.0,0.0,geo_150000_rep3
synonymous,C,11.661903789690601,0.0,0.0,geo_150000_rep3
synonymous,C,24.392621835300936,0.0,0.0,geo_150000_rep3
synonymous,C,59.16079783099616,0.0,0.0,geo_150000_rep3
synonymous,C,100.0,0.0,0.0,geo_150000_rep3
synonymous,C,1.4142135623730951,2.0,0.0,geo_150000_rep4
synonymous,C,2.8284271247461903,0.0,0.0,geo_150000_rep4
synonymous,C,5.656854249492381,0.0,0.0,geo_150000_rep4
synonymous,C,11.661903789690601,0.0,0.0,geo_150000_rep4
synonymous,C,24.392621835300936,0.0,0.0,geo_150000_rep4
synonymous,C,59.16079783099616,0.0,0.0,geo_150000_rep4
synonymous,C,100.0,0.0,0.0,geo_150000_rep4
synonymous,C,1.4142135623730951,0.0,0.0,geo_150000_rep5
synonymous,C,2.8284271247461903,0.0,0.0,geo_150000_rep5
synonymous,C,5.656854249492381,0.0,0.0,geo_150000_rep5
synonymous,C,11.661903789690601,0.0,0.0,geo_150000_rep5
synonymous,C,24.392621835300936,0.0,0.0,geo_150000_rep5
synonymous,C,59.16079783099616,0.0,0.0,geo_150000_rep5
synonymous,C,100.0,0.0,0.0,geo_150000_rep5
synonymous,C,1.4142135623730951,0.0,0.0,geo_150000_rep6
synonymous,C,2.8284271247461903,0.0,0.0,geo_150000_rep6
synonymous,C,5.656854249492381,0.0,0.0,geo_150000_rep6
synonymous,C,11.661903789690601,0.0,0.0,geo_150000_rep6
synonymous,C,24.392621835300936,0.0,0.0,geo_150000_rep6
synonymous,C,59.16079783099616,0.0,0.0,geo_150000_rep6
synonymous,C,100.0,0.0,0.0,geo_150000_rep6
synonymous,C,1.4142135623730951,0.0,0.0,geo_150000_rep7
synonymous,C,2.8284271247461903,0.0,0.0,geo_150000_rep7
synonymous,C,5.656854249492381,0.0,0.0,geo_150000_rep7
synonymous,C,11.661903789690601,0.0,0.0,geo_150000_rep7
synonymous,C,24.392621835300936,0.0,0.0,geo_150000_rep7
synonymous,C,59.16079783099616,0.0,0.0,geo_150000_rep7
synonymous,C,100.0,0.0,0.0,geo_150000_rep7
synonymous,C,1.4142135623730951,0.0,0.0,geo_150000_rep8
synonymous,C,2.8284271247461903,0.0,0.0,geo_150000_rep8
synonymous,C,5.656854249492381,0.0,0.0,geo_150000_rep8
synonymous,C,11.661903789690601,0.0,0.0,geo_150000_rep8
synonymous,C,24.392621835300936,0.0,0.0,geo_150000_rep8
synonymous,C,59.16079783099616,0.0,0.0,geo_150000_rep8
synonymous,C,100.0,0.0,0.0,geo_150000_rep8
synonymous,C,1.4142135623730951,0.0,0.0,geo_150000_rep9
synonymous,C,2.8284271247461903,0.0,0.0,geo_150000_rep9
synonymous,C,5.656854249492381,0.0,0.0,geo_150000_rep9
synonymous,C,11.661903789690601,0.0,0.0,geo_150000_rep9
synonymous,C,24.392621835300936,0.0,0.0,geo_150000_rep9
synonymous,C,59.16079783099616,0.0,0.0,geo_150000_rep9
synonymous,C,100.0,0.0,0.0,geo_150000_rep9
synonymous,C,1.4142135623730951,0.0,0.0,geo_150000_rep10
synonymous,C,2.8284271247461903,0.0,0.0,geo_150000_rep10
synonymous,C,5.656854249492381,0.0,0.0,geo_150000_rep10
synonymous,C,11.661903789690601,0.0,0.0,geo_150000_rep10
synonymous,C,24.392621835300936,0.0,0.0,geo_150000_rep10
synonymous,C,59.16079783099616,0.0,0.0,geo_150000_rep10
synonymous,C,100.0,0.0,0.0,geo_150000_rep10
missense,H,1.4142135623730951,17.00635597072548,0.3555909085620072,uniform
missense,H,2.8284271247461903,3.3858320870672856,0.22163008959798214,uniform
missense,H,5.656854249492381,2.755102673887876,0.2246841043824761,uniform
missense,H,11.661903789690601,1.4768882274446753,0.2407002619107057,uniform
missense,H,24.392621835300936,0.8593239443316918,0.28368132076371433,uniform
missense,H,59.16079783099616,0.7456250937583206,0.5022001165719359,uniform
missense,H,100.0,1.2548762613313897,2.7857138446688547,uniform
missense,E,1.4142135623730951,0.0,0.0,pca_0.0015_rep1
missense,E,2.8284271247461903,0.0,0.0,pca_0.0015_rep1
missense,E,5.656854249492381,0.0,0.0,pca_0.0015_rep1
missense,E,11.661903789690601,0.0,0.0,pca_0.0015_rep1
missense,E,24.392621835300936,0.0,0.0,pca_0.0015_rep1
missense,E,59.16079783099616,0.0,0.0,pca_0.0015_rep1
missense,E,100.0,1.0,0.0,pca_0.0015_rep1
missense,E,1.4142135623730951,0.0,0.0,pca_0.0015_rep2
missense,E,2.8284271247461903,0.0,0.0,pca_0.0015_rep2
missense,E,5.656854249492381,0.0,0.0,pca_0.0015_rep2
missense,E,11.661903789690601,1.0,0.0,pca_0.0015_rep2
missense,E,24.392621835300936,0.0,0.0,pca_0.0015_rep2
missense,E,59.16079783099616,0.0,0.0,pca_0.0015_rep2
missense,E,100.0,0.0,0.0,pca_0.0015_rep2
missense,E,1.4142135623730951,1.0,0.0,pca_0.0015_rep3
missense,E,2.8284271247461903,0.0,0.0,pca_0.0015_rep3
missense,E,5.656854249492381,0.0,0.0,pca_0.0015_rep3
missense,E,11.661903789690601,0.0,0.0,pca_0.0015_rep3
missense,E,24.392621835300936,0.0,0.0,pca_0.0015_rep3
missense,E,59.16079783099616,0.0,0.0,pca_0.0015_rep3
missense,E,100.0,0.0,0.0,pca_0.0015_rep3
missense,E,1.4142135623730951,1.0,0.0,pca_0.0015_rep4
missense,E,2.8284271247461903,0.0,0.0,pca_0.0015_rep4
missense,E,5.656854249492381,0.0,0.0,pca_0.0015_rep4
missense,E,11.661903789690601,0.0,0.0,pca_0.0015_rep4
missense,E,24.392621835300936,0.0,0.0,pca_0.0015_rep4
missense,E,59.16079783099616,0.0,0.0,pca_0.0015_rep4
missense,E,100.0,0.0,0.0,pca_0.0015_rep4
missense,E,1.4142135623730951,0.0,0.0,pca_0.0015_rep5
missense,E,2.8284271247461903,0.0,0.0,pca_0.0015_rep5
missense,E,5.656854249492381,0.0,0.0,pca_0.0015_rep5
missense,E,11.661903789690601,0.0,0.0,pca_0.0015_rep5
missense,E,24.392621835300936,0.0,0.0,pca_0.0015_rep5
missense,E,59.16079783099616,0.0,0.0,pca_0.0015_rep5
missense,E,100.0,0.0,0.0,pca_0.0015_rep5
missense,E,1.4142135623730951,0.0,0.0,pca_0.0015_rep6
missense,E,2.8284271247461903,0.0,0.0,pca_0.0015_rep6
missense,E,5.656854249492381,0.0,0.0,pca_0.0015_rep6
missense,E,11.661903789690601,0.0,0.0,pca_0.0015_rep6
missense,E,24.392621835300936,0.0,0.0,pca_0.0015_rep6
missense,E,59.16079783099616,0.0,0.0,pca_0.0015_rep6
missense,E,100.0,0.0,0.0,pca_0.0015_rep6
missense,E,1.4142135623730951,0.0,0.0,pca_0.0015_rep7
missense,E,2.8284271247461903,0.0,0.0,pca_0.0015_rep7
missense,E,5.656854249492381,0.0,0.0,pca_0.0015_rep7
missense,E,11.661903789690601,0.0,0.0,pca_0.0015_rep7
missense,E,24.392621835300936,0.0,0.0,pca_0.0015_rep7
missense,E,59.16079783099616,0.0,0.0,pca_0.0015_rep7
missense,E,100.0,0.0,0.0,pca_0.0015_rep7
missense,E,1.4142135623730951,0.0,0.0,pca_0.0015_rep8
missense,E,2.8284271247461903,0.0,0.0,pca_0.0015_rep8
missense,E,5.656854249492381,0.0,0.0,pca_0.0015_rep8
missense,E,11.661903789690601,0.0,0.0,pca_0.0015_rep8
missense,E,24.392621835300936,0.0,0.0,pca_0.0015_rep8
missense,E,59.16079783099616,0.0,0.0,pca_0.0015_rep8
missense,E,100.0,0.0,0.0,pca_0.0015_rep8
missense,E,1.4142135623730951,0.0,0.0,pca_0.0015_rep9
missense,E,2.8284271247461903,0.0,0.0,pca_0.0015_rep9
missense,E,5.656854249492381,0.0,0.0,pca_0.0015_rep9
missense,E,11.661903789690601,0.0,0.0,pca_0.0015_rep9
missense,E,24.392621835300936,0.0,0.0,pca_0.0015_rep9
missense,E,59.16079783099616,0.0,0.0,pca_0.0015_rep9
missense,E,100.0,0.0,0.0,pca_0.0015_rep9
missense,E,1.4142135623730951,0.0,0.0,pca_0.0015_rep10
missense,E,2.8284271247461903,0.0,0.0,pca_0.0015_rep10
missense,E,5.656854249492381,0.0,0.0,pca_0.0015_rep10
missense,E,11.661903789690601,0.0,0.0,pca_0.0015_rep10
missense,E,24.392621835300936,0.0,0.0,pca_0.0015_rep10
missense,E,59.16079783099616,0.0,0.0,pca_0.0015_rep10
missense,E,100.0,0.0,0.0,pca_0.0015_rep10
missense,F,1.4142135623730951,0.0,0.0,pca_0.0025_rep1
missense,F,2.8284271247461903,0.0,0.0,pca_0.0025_rep1
missense,F,5.656854249492381,0.0,0.0,pca_0.0025_rep1
missense,F,11.661903789690601,0.0,0.0,pca_0.0025_rep1
missense,F,24.392621835300936,0.0,0.0,pca_0.0025_rep1
missense,F,59.16079783099616,0.0,0.0,pca_0.0025_rep1
missense,F,100.0,1.0,0.0,pca_0.0025_rep1
missense,F,1.4142135623730951,0.0,0.0,pca_0.0025_rep2
missense,F,2.8284271247461903,0.0,0.0,pca_0.0025_rep2
missense,F,5.656854249492381,0.0,0.0,pca_0.0025_rep2
missense,F,11.661903789690601,1.0,0.0,pca_0.0025_rep2
missense,F,24.392621835300936,0.0,0.0,pca_0.0025_rep2
missense,F,59.16079783099616,0.0,0.0,pca_0.0025_rep2
missense,F,100.0,0.0,0.0,pca_0.0025_rep2
missense,F,1.4142135623730951,1.0,0.0,pca_0.0025_rep3
missense,F,2.8284271247461903,0.0,0.0,pca_0.0025_rep3
missense,F,5.656854249492381,0.0,0.0,pca_0.0025_rep3
missense,F,11.661903789690601,0.0,0.0,pca_0.0025_rep3
missense,F,24.392621835300936,0.0,0.0,pca_0.0025_rep3
missense,F,59.16079783099616,0.0,0.0,pca_0.0025_rep3
missense,F,100.0,0.0,0.0,pca_0.0025_rep3
missense,F,1.4142135623730951,1.0,0.0,pca_0.0025_rep4
missense,F,2.8284271247461903,0.0,0.0,pca_0.0025_rep4
missense,F,5.656854249492381,0.0,0.0,pca_0.0025_rep4
missense,F,11.661903789690601,0.0,0.0,pca_0.0025_rep4
missense,F,24.392621835300936,0.0,0.0,pca_0.0025_rep4
missense,F,59.16079783099616,0.0,0.0,pca_0.0025_rep4
missense,F,100.0,0.0,0.0,pca_0.0025_rep4
missense,F,1.4142135623730951,0.0,0.0,pca_0.0025_rep5
missense,F,2.8284271247461903,0.0,0.0,pca_0.0025_rep5
missense,F,5.656854249492381,0.0,0.0,pca_0.0025_rep5
missense,F,11.661903789690601,0.0,0.0,pca_0.0025_rep5
missense,F,24.392621835300936,0.0,0.0,pca_0.0025_rep5
missense,F,59.16079783099616,0.0,0.0,pca_0.0025_rep5
missense,F,100.0,0.0,0.0,pca_0.0025_rep5
missense,F,1.4142135623730951,0.0,0.0,pca_0.0025_rep6
missense,F,2.8284271247461903,0.0,0.0,pca_0.0025_rep6
missense,F,5.656854249492381,0.0,0.0,pca_0.0025_rep6
missense,F,11.661903789690601,0.0,0.0,pca_0.0025_rep6
missense,F,24.392621835300936,0.0,0.0,pca_0.0025_rep6
missense,F,59.16079783099616,0.0,0.0,pca_0.0025_rep6
missense,F,100.0,0.0,0.0,pca_0.0025_rep6
missense,F,1.4142135623730951,0.0,0.0,pca_0.0025_rep7
missense,F,2.8284271247461903,0.0,0.0,pca_0.0025_rep7
missense,F,5.656854249492381,0.0,0.0,pca_0.0025_rep7
missense,F,11.661903789690601,0.0,0.0,pca_0.0025_rep7
missense,F,24.392621835300936,0.0,0.0,pca_0.0025_rep7
missense,F,59.16079783099616,0.0,0.0,pca_0.0025_rep7
missense,F,100.0,0.0,0.0,pca_0.0025_rep7
missense,F,1.4142135623730951,0.0,0.0,pca_0.0025_rep8
missense,F,2.8284271247461903,0.0,0.0,pca_0.0025_rep8
missense,F,5.656854249492381,0.0,0.0,pca_0.0025_rep8
missense,F,11.661903789690601,0.0,0.0,pca_0.0025_rep8
missense,F,24.392621835300936,0.0,0.0,pca_0.0025_rep8
missense,F,59.16079783099616,0.0,0.0,pca_0.0025_rep8
missense,F,100.0,0.0,0.0,pca_0.0025_rep8
missense,F,1.4142135623730951,0.0,0.0,pca_0.0025_rep9
missense,F,2.8284271247461903,0.0,0.0,pca_0.0025_rep9
missense,F,5.656854249492381,0.0,0.0,pca_0.0025_rep9
missense,F,11.661903789690601,0.0,0.0,pca_0.0025_rep9
missense,F,24.392621835300936,0.0,0.0,pca_0.0025_rep9
missense,F,59.16079783099616,0.0,0.0,pca_0.0025_rep9
missense,F,100.0,0.0,0.0,pca_0.0025_rep9
missense,F,1.4142135623730951,0.0,0.0,pca_0.0025_rep10
missense,F,2.8284271247461903,0.0,0.0,pca_0.0025_rep10
missense,F,5.656854249492381,0.0,0.0,pca_0.0025_rep10
missense,F,11.661903789690601,0.0,0.0,pca_0.0025_rep10
missense,F,24.392621835300936,0.0,0.0,pca_0.0025_rep10
missense,F,59.16079783099616,0.0,0.0,pca_0.0025_rep10
missense,F,100.0,0.0,0.0,pca_0.0025_rep10
missense,G,1.4142135623730951,0.0,0.0,pca_0.005_rep1
missense,G,2.8284271247461903,0.0,0.0,pca_0.005_rep1
missense,G,5.656854249492381,0.0,0.0,pca_0.005_rep1
missense,G,11.661903789690601,0.0,0.0,pca_0.005_rep1
missense,G,24.392621835300936,0.0,0.0,pca_0.005_rep1
missense,G,59.16079783099616,0.0,0.0,pca_0.005_rep1
missense,G,100.0,1.0,0.0,pca_0.005_rep1
missense,G,1.4142135623730951,0.0,0.0,pca_0.005_rep2
missense,G,2.8284271247461903,0.0,0.0,pca_0.005_rep2
missense,G,5.656854249492381,0.0,0.0,pca_0.005_rep2
missense,G,11.661903789690601,1.0,0.0,pca_0.005_rep2
missense,G,24.392621835300936,0.0,0.0,pca_0.005_rep2
missense,G,59.16079783099616,0.0,0.0,pca_0.005_rep2
missense,G,100.0,0.0,0.0,pca_0.005_rep2
missense,G,1.4142135623730951,1.0,0.0,pca_0.005_rep3
missense,G,2.8284271247461903,0.0,0.0,pca_0.005_rep3
missense,G,5.656854249492381,0.0,0.0,pca_0.005_rep3
missense,G,11.661903789690601,0.0,0.0,pca_0.005_rep3
missense,G,24.392621835300936,0.0,0.0,pca_0.005_rep3
missense,G,59.16079783099616,0.0,0.0,pca_0.005_rep3
missense,G,100.0,0.0,0.0,pca_0.005_rep3
missense,G,1.4142135623730951,1.0,0.0,pca_0.005_rep4
missense,G,2.8284271247461903,0.0,0.0,pca_0.005_rep4
missense,G,5.656854249492381,0.0,0.0,pca_0.005_rep4
missense,G,11.661903789690601,0.0,0.0,pca_0.005_rep4
missense,G,24.392621835300936,0.0,0.0,pca_0.005_rep4
missense,G,59.16079783099616,0.0,0.0,pca_0.005_rep4
missense,G,100.0,0.0,0.0,pca_0.005_rep4
missense,G,1.4142135623730951,1.0,0.0,pca_0.005_rep5
missense,G,2.8284271247461903,0.0,0.0,pca_0.005_rep5
missense,G,5.656854249492381,0.0,0.0,pca_0.005_rep5
missense,G,11.661903789690601,0.0,0.0,pca_0.005_rep5
missense,G,24.392621835300936,0.0,0.0,pca_0.005_rep5
missense,G,59.16079783099616,0.0,0.0,pca_0.005_rep5
missense,G,100.0,0.0,0.0,pca_0.005_rep5
missense,G,1.4142135623730951,0.0,0.0,pca_0.005_rep6
missense,G,2.8284271247461903,0.0,0.0,pca_0.005_rep6
missense,G,5.656854249492381,0.0,0.0,pca_0.005_rep6
missense,G,11.661903789690601,0.0,0.0,pca_0.005_rep6
missense,G,24.392621835300936,0.0,0.0,pca_0.005_rep6
missense,G,59.16079783099616,0.0,0.0,pca_0.005_rep6
missense,G,100.0,0.0,0.0,pca_0.005_rep6
missense,G,1.4142135623730951,0.0,0.0,pca_0.005_rep7
missense,G,2.8284271247461903,0.0,0.0,pca_0.005_rep7
missense,G,5.656854249492381,0.0,0.0,pca_0.005_rep7
missense,G,11.661903789690601,0.0,0.0,pca_0.005_rep7
missense,G,24.392621835300936,0.0,0.0,pca_0.005_rep7
missense,G,59.16079783099616,0.0,0.0,pca_0.005_rep7
missense,G,100.0,0.0,0.0,pca_0.005_rep7
missense,G,1.4142135623730951,0.0,0.0,pca_0.005_rep8
missense,G,2.8284271247461903,0.0,0.0,pca_0.005_rep8
missense,G,5.656854249492381,0.0,0.0,pca_0.005_rep8
missense,G,11.661903789690601,0.0,0.0,pca_0.005_rep8
missense,G,24.392621835300936,0.0,0.0,pca_0.005_rep8
missense,G,59.16079783099616,0.0,0.0,pca_0.005_rep8
missense,G,100.0,0.0,0.0,pca_0.005_rep8
missense,G,1.4142135623730951,0.0,0.0,pca_0.005_rep9
missense,G,2.8284271247461903,0.0,0.0,pca_0.005_rep9
missense,G,5.656854249492381,0.0,0.0,pca_0.005_rep9
missense,G,11.661903789690601,0.0,0.0,pca_0.005_rep9
missense,G,24.392621835300936,0.0,0.0,pca_0.005_rep9
missense,G,59.16079783099616,0.0,0.0,pca_0.005_rep9
missense,G,100.0,0.0,0.0,pca_0.005_rep9
missense,G,1.4142135623730951,0.0,0.0,pca_0.005_rep10
missense,G,2.8284271247461903,0.0,0.0,pca_0.005_rep10
missense,G,5.656854249492381,0.0,0.0,pca_0.005_rep10
missense,G,11.661903789690601,0.0,0.0,pca_0.005_rep10
missense,G,24.392621835300936,0.0,0.0,pca_0.005_rep10
missense,G,59.16079783099616,0.0,0.0,pca_0.005_rep10
missense,G,100.0,0.0,0.0,pca_0.005_rep10
missense,D,1.4142135623730951,15.447484887867546,0.25239590810929013,uniformgeo
missense,D,2.8284271247461903,1.7324114337327217,0.15695734757166896,uniformgeo
missense,D,5.656854249492381,0.9454957047660457,0.1280333966086733,uniformgeo
missense,D,11.661903789690601,0.5421639927329238,0.14467855196491985,uniformgeo
missense,D,24.392621835300936,0.2644994313332063,0.14866867458979427,uniformgeo
missense,D,59.16079783099616,0.39854439200891534,0.3478476348138435,uniformgeo
missense,D,100.0,0.8605207743433141,2.268523016884998,uniformgeo
missense,A,1.4142135623730951,0.0,0.0,geo_50000_rep1
missense,A,2.8284271247461903,0.0,0.0,geo_50000_rep1
missense,A,5.656854249492381,0.0,0.0,geo_50000_rep1
missense,A,11.661903789690601,0.0,0.0,geo_50000_rep1
missense,A,24.392621835300936,0.0,0.0,geo_50000_rep1
missense,A,59.16079783099616,0.0,0.0,geo_50000_rep1
missense,A,100.0,3.0,0.0,geo_50000_rep1
missense,A,1.4142135623730951,0.0,0.0,geo_50000_rep2
missense,A,2.8284271247461903,0.0,0.0,geo_50000_rep2
missense,A,5.656854249492381,2.0,0.0,geo_50000_rep2
missense,A,11.661903789690601,1.0,0.0,geo_50000_rep2
missense,A,24.392621835300936,0.0,0.0,geo_50000_rep2
missense,A,59.16079783099616,0.0,0.0,geo_50000_rep2
missense,A,100.0,0.0,0.0,geo_50000_rep2
missense,A,1.4142135623730951,1.0,0.0,geo_50000_rep3
missense,A,2.8284271247461903,0.0,0.0,geo_50000_rep3
missense,A,5.656854249492381,0.0,0.0,geo_50000_rep3
missense,A,11.661903789690601,0.0,0.0,geo_50000_rep3
missense,A,24.392621835300936,0.0,0.0,geo_50000_rep3
missense,A,59.16079783099616,0.0,0.0,geo_50000_rep3
missense,A,100.0,0.0,0.0,geo_50000_rep3
missense,A,1.4142135623730951,2.0,0.0,geo_50000_rep4
missense,A,2.8284271247461903,0.0,0.0,geo_50000_rep4
missense,A,5.656854249492381,0.0,0.0,geo_50000_rep4
missense,A,11.661903789690601,0.0,0.0,geo_50000_rep4
missense,A,24.392621835300936,0.0,0.0,geo_50000_rep4
missense,A,59.16079783099616,0.0,0.0,geo_50000_rep4
missense,A,100.0,0.0,0.0,geo_50000_rep4
missense,A,1.4142135623730951,0.0,0.0,geo_50000_rep5
missense,A,2.8284271247461903,0.0,0.0,geo_50000_rep5
missense,A,5.656854249492381,0.0,0.0,geo_50000_rep5
missense,A,11.661903789690601,0.0,0.0,geo_50000_rep5
missense,A,24.392621835300936,0.0,0.0,geo_50000_rep5
missense,A,59.16079783099616,0.0,0.0,geo_50000_rep5
missense,A,100.0,0.0,0.0,geo_50000_rep5
missense,A,1.4142135623730951,0.0,0.0,geo_50000_rep6
missense,A,2.8284271247461903,0.0,0.0,geo_50000_rep6
missense,A,5.656854249492381,0.0,0.0,geo_50000_rep6
missense,A,11.661903789690601,0.0,0.0,geo_50000_rep6
missense,A,24.392621835300936,0.0,0.0,geo_50000_rep6
missense,A,59.16079783099616,0.0,0.0,geo_50000_rep6
missense,A,100.0,0.0,0.0,geo_50000_rep6
missense,A,1.4142135623730951,0.0,0.0,geo_50000_rep7
missense,A,2.8284271247461903,0.0,0.0,geo_50000_rep7
missense,A,5.656854249492381,0.0,0.0,geo_50000_rep7
missense,A,11.661903789690601,0.0,0.0,geo_50000_rep7
missense,A,24.392621835300936,0.0,0.0,geo_50000_rep7
missense,A,59.16079783099616,0.0,0.0,geo_50000_rep7
missense,A,100.0,0.0,0.0,geo_50000_rep7
missense,A,1.4142135623730951,0.0,0.0,geo_50000_rep8
missense,A,2.8284271247461903,0.0,0.0,geo_50000_rep8
missense,A,5.656854249492381,0.0,0.0,geo_50000_rep8
missense,A,11.661903789690601,0.0,0.0,geo_50000_rep8
missense,A,24.392621835300936,0.0,0.0,geo_50000_rep8
missense,A,59.16079783099616,0.0,0.0,geo_50000_rep8
missense,A,100.0,0.0,0.0,geo_50000_rep8
missense,A,1.4142135623730951,0.0,0.0,geo_50000_rep9
missense,A,2.8284271247461903,0.0,0.0,geo_50000_rep9
missense,A,5.656854249492381,0.0,0.0,geo_50000_rep9
missense,A,11.661903789690601,0.0,0.0,geo_50000_rep9
missense,A,24.392621835300936,0.0,0.0,geo_50000_rep9
missense,A,59.16079783099616,0.0,0.0,geo_50000_rep9
missense,A,100.0,0.0,0.0,geo_50000_rep9
missense,A,1.4142135623730951,0.0,0.0,geo_50000_rep10
missense,A,2.8284271247461903,0.0,0.0,geo_50000_rep10
missense,A,5.656854249492381,0.0,0.0,geo_50000_rep10
missense,A,11.661903789690601,0.0,0.0,geo_50000_rep10
missense,A,24.392621835300936,0.0,0.0,geo_50000_rep10
missense,A,59.16079783099616,0.0,0.0,geo_50000_rep10
missense,A,100.0,0.0,0.0,geo_50000_rep10
missense,B,1.4142135623730951,0.0,0.0,geo_100000_rep1
missense,B,2.8284271247461903,0.0,0.0,geo_100000_rep1
missense,B,5.656854249492381,0.0,0.0,geo_100000_rep1
missense,B,11.661903789690601,0.0,0.0,geo_100000_rep1
missense,B,24.392621835300936,0.0,0.0,geo_100000_rep1
missense,B,59.16079783099616,0.0,0.0,geo_100000_rep1
missense,B,100.0,3.0,0.0,geo_100000_rep1
missense,B,1.4142135623730951,0.0,0.0,geo_100000_rep2
missense,B,2.8284271247461903,0.0,0.0,geo_100000_rep2
missense,B,5.656854249492381,0.0,0.0,geo_100000_rep2
missense,B,11.661903789690601,3.0,0.0,geo_100000_rep2
missense,B,24.392621835300936,0.0,0.0,geo_100000_rep2
missense,B,59.16079783099616,0.0,0.0,geo_100000_rep2
missense,B,100.0,0.0,0.0,geo_100000_rep2
missense,B,1.4142135623730951,0.0,0.0,geo_100000_rep3
missense,B,2.8284271247461903,0.0,0.0,geo_100000_rep3
missense,B,5.656854249492381,0.0,0.0,geo_100000_rep3
missense,B,11.661903789690601,0.0,0.0,geo_100000_rep3
missense,B,24.392621835300936,0.0,0.0,geo_100000_rep3
missense,B,59.16079783099616,0.0,0.0,geo_100000_rep3
missense,B,100.0,0.0,0.0,geo_100000_rep3
missense,B,1.4142135623730951,1.0,0.0,geo_100000_rep4
missense,B,2.8284271247461903,0.0,0.0,geo_100000_rep4
missense,B,5.656854249492381,0.0,0.0,geo_100000_rep4
missense,B,11.661903789690601,0.0,0.0,geo_100000_rep4
missense,B,24.392621835300936,0.0,0.0,geo_100000_rep4
missense,B,59.16079783099616,0.0,0.0,geo_100000_rep4
missense,B,100.0,0.0,0.0,geo_100000_rep4
missense,B,1.4142135623730951,0.0,0.0,geo_100000_rep5
missense,B,2.8284271247461903,0.0,0.0,geo_100000_rep5
missense,B,5.656854249492381,0.0,0.0,geo_100000_rep5
missense,B,11.661903789690601,0.0,0.0,geo_100000_rep5
missense,B,24.392621835300936,0.0,0.0,geo_100000_rep5
missense,B,59.16079783099616,0.0,0.0,geo_100000_rep5
missense,B,100.0,0.0,0.0,geo_100000_rep5
missense,B,1.4142135623730951,0.0,0.0,geo_100000_rep6
missense,B,2.8284271247461903,0.0,0.0,geo_100000_rep6
missense,B,5.656854249492381,0.0,0.0,geo_100000_rep6
missense,B,11.661903789690601,0.0,0.0,geo_100000_rep6
missense,B,24.392621835300936,0.0,0.0,geo_100000_rep6
missense,B,59.16079783099616,0.0,0.0,geo_100000_rep6
missense,B,100.0,0.0,0.0,geo_100000_rep6
missense,B,1.4142135623730951,0.0,0.0,geo_100000_rep7
missense,B,2.8284271247461903,0.0,0.0,geo_100000_rep7
missense,B,5.656854249492381,0.0,0.0,geo_100000_rep7
missense,B,11.661903789690601,0.0,0.0,geo_100000_rep7
missense,B,24.392621835300936,0.0,0.0,geo_100000_rep7
missense,B,59.16079783099616,0.0,0.0,geo_100000_rep7
missense,B,100.0,0.0,0.0,geo_100000_rep7
missense,B,1.4142135623730951,0.0,0.0,geo_100000_rep8
missense,B,2.8284271247461903,0.0,0.0,geo_100000_rep8
missense,B,5.656854249492381,0.0,0.0,geo_100000_rep8
missense,B,11.661903789690601,0.0,0.0,geo_100000_rep8
missense,B,24.392621835300936,0.0,0.0,geo_100000_rep8
missense,B,59.16079783099616,0.0,0.0,geo_100000_rep8
missense,B,100.0,0.0,0.0,geo_100000_rep8
missense,B,1.4142135623730951,0.0,0.0,geo_100000_rep9
missense,B,2.8284271247461903,0.0,0.0,geo_100000_rep9
missense,B,5.656854249492381,0.0,0.0,geo_100000_rep9
missense,B,11.661903789690601,0.0,0.0,geo_100000_rep9
missense,B,24.392621835300936,0.0,0.0,geo_100000_rep9
missense,B,59.16079783099616,0.0,0.0,geo_100000_rep9
missense,B,100.0,0.0,0.0,geo_100000_rep9
missense,B,1.4142135623730951,0.0,0.0,geo_100000_rep10
missense,B,2.8284271247461903,0.0,0.0,geo_100000_rep10
missense,B,5.656854249492381,0.0,0.0,geo_100000_rep10
missense,B,11.661903789690601,0.0,0.0,geo_100000_rep10
missense,B,24.392621835300936,0.0,0.0,geo_100000_rep10
missense,B,59.16079783099616,0.0,0.0,geo_100000_rep10
missense,B,100.0,0.0,0.0,geo_100000_rep10
missense,C,1.4142135623730951,0.0,0.0,geo_150000_rep1
missense,C,2.8284271247461903,0.0,0.0,geo_150000_rep1
missense,C,5.656854249492381,0.0,0.0,geo_150000_rep1
missense,C,11.661903789690601,0.0,0.0,geo_150000_rep1
missense,C,24.392621835300936,0.0,0.0,geo_150000_rep1
missense,C,59.16079783099616,0.0,0.0,geo_150000_rep1
missense,C,100.0,3.0,0.0,geo_150000_rep1
missense,C,1.4142135623730951,0.0,0.0,geo_150000_rep2
missense,C,2.8284271247461903,0.0,0.0,geo_150000_rep2
missense,C,5.656854249492381,0.0,0.0,geo_150000_rep2
missense,C,11.661903789690601,3.0,0.0,geo_150000_rep2
missense,C,24.392621835300936,0.0,0.0,geo_150000_rep2
missense,C,59.16079783099616,0.0,0.0,geo_150000_rep2
missense,C,100.0,0.0,0.0,geo_150000_rep2
missense,C,1.4142135623730951,1.0,0.0,geo_150000_rep3
missense,C,2.8284271247461903,0.0,0.0,geo_150000_rep3
missense,C,5.656854249492381,0.0,0.0,geo_150000_rep3
missense,C,11.661903789690601,0.0,0.0,geo_150000_rep3
missense,C,24.392621835300936,0.0,0.0,geo_150000_rep3
missense,C,59.16079783099616,0.0,0.0,geo_150000_rep3
missense,C,100.0,0.0,0.0,geo_150000_rep3
missense,C,1.4142135623730951,0.0,0.0,geo_150000_rep4
missense,C,2.8284271247461903,0.0,0.0,geo_150000_rep4
missense,C,5.656854249492381,0.0,0.0,geo_150000_rep4
missense,C,11.661903789690601,0.0,0.0,geo_150000_rep4
missense,C,24.392621835300936,0.0,0.0,geo_150000_rep4
missense,C,59.16079783099616,0.0,0.0,geo_150000_rep4
missense,C,100.0,0.0,0.0,geo_150000_rep4
missense,C,1.4142135623730951,0.0,0.0,geo_150000_rep5
missense,C,2.8284271247461903,0.0,0.0,geo_150000_rep5
missense,C,5.656854249492381,0.0,0.0,geo_150000_rep5
missense,C,11.661903789690601,0.0,0.0,geo_150000_rep5
missense,C,24.392621835300936,0.0,0.0,geo_150000_rep5
missense,C,59.16079783099616,0.0,0.0,geo_150000_rep5
missense,C,100.0,0.0,0.0,geo_150000_rep5
missense,C,1.4142135623730951,0.0,0.0,geo_150000_rep6
missense,C,2.8284271247461903,0.0,0.0,geo_150000_rep6
missense,C,5.656854249492381,0.0,0.0,geo_150000_rep6
missense,C,11.661903789690601,0.0,0.0,geo_150000_rep6
missense,C,24.392621835300936,0.0,0.0,geo_150000_rep6
missense,C,59.16079783099616,0.0,0.0,geo_150000_rep6
missense,C,100.0,0.0,0.0,geo_150000_rep6
missense,C,1.4142135623730951,0.0,0.0,geo_150000_rep7
missense,C,2.8284271247461903,0.0,0.0,geo_150000_rep7
missense,C,5.656854249492381,0.0,0.0,geo_150000_rep7
missense,C,11.661903789690601,0.0,0.0,geo_150000_rep7
missense,C,24.392621835300936,0.0,0.0,geo_150000_rep7
missense,C,59.16079783099616,0.0,0.0,geo_150000_rep7
missense,C,100.0,0.0,0.0,geo_150000_rep7
missense,C,1.4142135623730951,0.0,0.0,geo_150000_rep8
missense,C,2.8284271247461903,0.0,0.0,geo_150000_rep8
missense,C,5.656854249492381,0.0,0.0,geo_150000_rep8
missense,C,11.661903789690601,0.0,0.0,geo_150000_rep8
missense,C,24.392621835300936,0.0,0.0,geo_150000_rep8
missense,C,59.16079783099616,0.0,0.0,geo_150000_rep8
missense,C,100.0,0.0,0.0,geo_150000_rep8
missense,C,1.4142135623730951,0.0,0.0,geo_150000_rep9
missense,C,2.8284271247461903,0.0,0.0,geo_150000_rep9
missense,C,5.656854249492381,0.0,0.0,geo_150000_rep9
missense,C,11.661903789690601,0.0,0.0,geo_150000_rep9
missense,C,24.392621835300936,0.0,0.0,geo_150000_rep9
missense,C,59.16079783099616,0.0,0.0,geo_150000_rep9
missense,C,100.0,0.0,0.0,geo_150000_rep9
missense,C,1.4142135623730951,0.0,0.0,geo_150000_rep10
missense,C,2.8284271247461903,0.0,0.0,geo_150000_rep10
missense,C,5.656854249492381,0.0,0.0,geo_150000_rep10
missense,C,11.661903789690601,0.0,0.0,geo_150000_rep10
missense,C,24.392621835300936,0.0,0.0,geo_150000_rep10
missense,C,59.16079783099616,0.0,0.0,geo_150000_rep10
missense,C,100.0,0.0,0.0,geo_150000_rep10
lof,H,1.4142135623730951,11.982149675448653,0.25268195449872255,uniform
lof,H,2.8284271247461903,2.147766323024058,0.17440387704836258,uniform
lof,H,5.656854249492381,1.3829228713249222,0.14181893283073188,uniform
lof,H,11.661903789690601,0.6562619320351075,0.14474444264683117,uniform
lof,H,24.392621835300936,0.3496086292478253,0.1858532697248606,uniform
lof,H,59.16079783099616,0.26369797632668224,0.29301262059063826,uniform
lof,H,100.0,0.29949408171216874,0.7983449614321214,uniform
lof,E,1.4142135623730951,0.0,0.0,pca_0.0015_rep1
lof,E,2.8284271247461903,0.0,0.0,pca_0.0015_rep1
lof,E,5.656854249492381,0.0,0.0,pca_0.0015_rep1
lof,E,11.661903789690601,0.0,0.0,pca_0.0015_rep1
lof,E,24.392621835300936,0.0,0.0,pca_0.0015_rep1
lof,E,59.16079783099616,0.0,0.0,pca_0.0015_rep1
lof,E,100.0,1.0,0.0,pca_0.0015_rep1
lof,E,1.4142135623730951,0.0,0.0,pca_0.0015_rep2
lof,E,2.8284271247461903,0.0,0.0,pca_0.0015_rep2
lof,E,5.656854249492381,0.0,0.0,pca_0.0015_rep2
lof,E,11.661903789690601,1.0,0.0,pca_0.0015_rep2
lof,E,24.392621835300936,0.0,0.0,pca_0.0015_rep2
lof,E,59.16079783099616,0.0,0.0,pca_0.0015_rep2
lof,E,100.0,0.0,0.0,pca_0.0015_rep2
lof,E,1.4142135623730951,0.0,0.0,pca_0.0015_rep3
lof,E,2.8284271247461903,0.0,0.0,pca_0.0015_rep3
lof,E,5.656854249492381,0.0,0.0,pca_0.0015_rep3
lof,E,11.661903789690601,0.0,0.0,pca_0.0015_rep3
lof,E,24.392621835300936,0.0,0.0,pca_0.0015_rep3
lof,E,59.16079783099616,0.0,0.0,pca_0.0015_rep3
lof,E,100.0,0.0,0.0,pca_0.0015_rep3
lof,E,1.4142135623730951,0.0,0.0,pca_0.0015_rep4
lof,E,2.8284271247461903,0.0,0.0,pca_0.0015_rep4
lof,E,5.656854249492381,0.0,0.0,pca_0.0015_rep4
lof,E,11.661903789690601,0.0,0.0,pca_0.0015_rep4
lof,E,24.392621835300936,0.0,0.0,pca_0.0015_rep4
lof,E,59.16079783099616,0.0,0.0,pca_0.0015_rep4
lof,E,100.0,0.0,0.0,pca_0.0015_rep4
lof,E,1.4142135623730951,0.0,0.0,pca_0.0015_rep5
lof,E,2.8284271247461903,0.0,0.0,pca_0.0015_rep5
lof,E,5.656854249492381,0.0,0.0,pca_0.0015_rep5
lof,E,11.661903789690601,0.0,0.0,pca_0.0015_rep5
lof,E,24.392621835300936,0.0,0.0,pca_0.0015_rep5
lof,E,59.16079783099616,0.0,0.0,pca_0.0015_rep5
lof,E,100.0,0.0,0.0,pca_0.0015_rep5
lof,E,1.4142135623730951,0.0,0.0,pca_0.0015_rep6
lof,E,2.8284271247461903,0.0,0.0,pca_0.0015_rep6
lof,E,5.656854249492381,0.0,0.0,pca_0.0015_rep6
lof,E,11.661903789690601,0.0,0.0,pca_0.0015_rep6
lof,E,24.392621835300936,0.0,0.0,pca_0.0015_rep6
lof,E,59.16079783099616,0.0,0.0,pca_0.0015_rep6
lof,E,100.0,0.0,0.0,pca_0.0015_rep6
lof,E,1.4142135623730951,0.0,0.0,pca_0.0015_rep7
lof,E,2.8284271247461903,0.0,0.0,pca_0.0015_rep7
lof,E,5.656854249492381,0.0,0.0,pca_0.0015_rep7
lof,E,11.661903789690601,0.0,0.0,pca_0.0015_rep7
lof,E,24.392621835300936,0.0,0.0,pca_0.0015_rep7
lof,E,59.16079783099616,0.0,0.0,pca_0.0015_rep7
lof,E,100.0,0.0,0.0,pca_0.0015_rep7
lof,E,1.4142135623730951,0.0,0.0,pca_0.0015_rep8
lof,E,2.8284271247461903,0.0,0.0,pca_0.0015_rep8
lof,E,5.656854249492381,0.0,0.0,pca_0.0015_rep8
lof,E,11.661903789690601,0.0,0.0,pca_0.0015_rep8
lof,E,24.392621835300936,0.0,0.0,pca_0.0015_rep8
lof,E,59.16079783099616,0.0,0.0,pca_0.0015_rep8
lof,E,100.0,0.0,0.0,pca_0.0015_rep8
lof,E,1.4142135623730951,0.0,0.0,pca_0.0015_rep9
lof,E,2.8284271247461903,0.0,0.0,pca_0.0015_rep9
lof,E,5.656854249492381,0.0,0.0,pca_0.0015_rep9
lof,E,11.661903789690601,0.0,0.0,pca_0.0015_rep9
lof,E,24.392621835300936,0.0,0.0,pca_0.0015_rep9
lof,E,59.16079783099616,0.0,0.0,pca_0.0015_rep9
lof,E,100.0,0.0,0.0,pca_0.0015_rep9
lof,E,1.4142135623730951,0.0,0.0,pca_0.0015_rep10
lof,E,2.8284271247461903,0.0,0.0,pca_0.0015_rep10
lof,E,5.656854249492381,0.0,0.0,pca_0.0015_rep10
lof,E,11.661903789690601,0.0,0.0,pca_0.0015_rep10
lof,E,24.392621835300936,0.0,0.0,pca_0.0015_rep10
lof,E,59.16079783099616,0.0,0.0,pca_0.0015_rep10
lof,E,100.0,0.0,0.0,pca_0.0015_rep10
lof,F,1.4142135623730951,0.0,0.0,pca_0.0025_rep1
lof,F,2.8284271247461903,0.0,0.0,pca_0.0025_rep1
lof,F,5.656854249492381,0.0,0.0,pca_0.0025_rep1
lof,F,11.661903789690601,0.0,0.0,pca_0.0025_rep1
lof,F,24.392621835300936,0.0,0.0,pca_0.0025_rep1
lof,F,59.16079783099616,0.0,0.0,pca_0.0025_rep1
lof,F,100.0,1.0,0.0,pca_0.0025_rep1
lof,F,1.4142135623730951,0.0,0.0,pca_0.0025_rep2
lof,F,2.8284271247461903,0.0,0.0,pca_0.0025_rep2
lof,F,5.656854249492381,0.0,0.0,pca_0.0025_rep2
lof,F,11.661903789690601,1.0,0.0,pca_0.0025_rep2
lof,F,24.392621835300936,0.0,0.0,pca_0.0025_rep2
lof,F,59.16079783099616,0.0,0.0,pca_0.0025_rep2
lof,F,100.0,0.0,0.0,pca_0.0025_rep2
lof,F,1.4142135623730951,1.0,0.0,pca_0.0025_rep3
lof,F,2.8284271247461903,0.0,0.0,pca_0.0025_rep3
lof,F,5.656854249492381,0.0,0.0,pca_0.0025_rep3
lof,F,11.661903789690601,0.0,0.0,pca_0.0025_rep3
lof,F,24.392621835300936,0.0,0.0,pca_0.0025_rep3
lof,F,59.16079783099616,0.0,0.0,pca_0.0025_rep3
lof,F,100.0,0.0,0.0,pca_0.0025_rep3
lof,F,1.4142135623730951,1.0,0.0,pca_0.0025_rep4
lof,F,2.8284271247461903,0.0,0.0,pca_0.0025_rep4
lof,F,5.656854249492381,0.0,0.0,pca_0.0025_rep4
lof,F,11.661903789690601,0.0,0.0,pca_0.0025_rep4
lof,F,24.392621835300936,0.0,0.0,pca_0.0025_rep4
lof,F,59.16079783099616,0.0,0.0,pca_0.0025_rep4
lof,F,100.0,0.0,0.0,pca_0.0025_rep4
lof,F,1.4142135623730951,0.0,0.0,pca_0.0025_rep5
lof,F,2.8284271247461903,0.0,0.0,pca_0.0025_rep5
lof,F,5.656854249492381,0.0,0.0,pca_0.0025_rep5
lof,F,11.661903789690601,0.0,0.0,pca_0.0025_rep5
lof,F,24.392621835300936,0.0,0.0,pca_0.0025_rep5
lof,F,59.16079783099616,0.0,0.0,pca_0.0025_rep5
lof,F,100.0,0.0,0.0,pca_0.0025_rep5
lof,F,1.4142135623730951,0.0,0.0,pca_0.0025_rep6
lof,F,2.8284271247461903,0.0,0.0,pca_0.0025_rep6
lof,F,5.656854249492381,0.0,0.0,pca_0.0025_rep6
lof,F,11.661903789690601,0.0,0.0,pca_0.0025_rep6
lof,F,24.392621835300936,0.0,0.0,pca_0.0025_rep6
lof,F,59.16079783099616,0.0,0.0,pca_0.0025_rep6
lof,F,100.0,0.0,0.0,pca_0.0025_rep6
lof,F,1.4142135623730951,0.0,0.0,pca_0.0025_rep7
lof,F,2.8284271247461903,0.0,0.0,pca_0.0025_rep7
lof,F,5.656854249492381,0.0,0.0,pca_0.0025_rep7
lof,F,11.661903789690601,0.0,0.0,pca_0.0025_rep7
lof,F,24.392621835300936,0.0,0.0,pca_0.0025_rep7
lof,F,59.16079783099616,0.0,0.0,pca_0.0025_rep7
lof,F,100.0,0.0,0.0,pca_0.0025_rep7
lof,F,1.4142135623730951,0.0,0.0,pca_0.0025_rep8
lof,F,2.8284271247461903,0.0,0.0,pca_0.0025_rep8
lof,F,5.656854249492381,0.0,0.0,pca_0.0025_rep8
lof,F,11.661903789690601,0.0,0.0,pca_0.0025_rep8
lof,F,24.392621835300936,0.0,0.0,pca_0.0025_rep8
lof,F,59.16079783099616,0.0,0.0,pca_0.0025_rep8
lof,F,100.0,0.0,0.0,pca_0.0025_rep8
lof,F,1.4142135623730951,0.0,0.0,pca_0.0025_rep9
lof,F,2.8284271247461903,0.0,0.0,pca_0.0025_rep9
lof,F,5.656854249492381,0.0,0.0,pca_0.0025_rep9
lof,F,11.661903789690601,0.0,0.0,pca_0.0025_rep9
lof,F,24.392621835300936,0.0,0.0,pca_0.0025_rep9
lof,F,59.16079783099616,0.0,0.0,pca_0.0025_rep9
lof,F,100.0,0.0,0.0,pca_0.0025_rep9
lof,F,1.4142135623730951,0.0,0.0,pca_0.0025_rep10
lof,F,2.8284271247461903,0.0,0.0,pca_0.0025_rep10
lof,F,5.656854249492381,0.0,0.0,pca_0.0025_rep10
lof,F,11.661903789690601,0.0,0.0,pca_0.0025_rep10
lof,F,24.392621835300936,0.0,0.0,pca_0.0025_rep10
lof,F,59.16079783099616,0.0,0.0,pca_0.0025_rep10
lof,F,100.0,0.0,0.0,pca_0.0025_rep10
lof,G,1.4142135623730951,0.0,0.0,pca_0.005_rep1
lof,G,2.8284271247461903,0.0,0.0,pca_0.005_rep1
lof,G,5.656854249492381,0.0,0.0,pca_0.005_rep1
lof,G,11.661903789690601,0.0,0.0,pca_0.005_rep1
lof,G,24.392621835300936,0.0,0.0,pca_0.005_rep1
lof,G,59.16079783099616,0.0,0.0,pca_0.005_rep1
lof,G,100.0,1.0,0.0,pca_0.005_rep1
lof,G,1.4142135623730951,0.0,0.0,pca_0.005_rep2
lof,G,2.8284271247461903,0.0,0.0,pca_0.005_rep2
lof,G,5.656854249492381,0.0,0.0,pca_0.005_rep2
lof,G,11.661903789690601,1.0,0.0,pca_0.005_rep2
lof,G,24.392621835300936,0.0,0.0,pca_0.005_rep2
lof,G,59.16079783099616,0.0,0.0,pca_0.005_rep2
lof,G,100.0,0.0,0.0,pca_0.005_rep2
lof,G,1.4142135623730951,1.0,0.0,pca_0.005_rep3
lof,G,2.8284271247461903,0.0,0.0,pca_0.005_rep3
lof,G,5.656854249492381,0.0,0.0,pca_0.005_rep3
lof,G,11.661903789690601,0.0,0.0,pca_0.005_rep3
lof,G,24.392621835300936,0.0,0.0,pca_0.005_rep3
lof,G,59.16079783099616,0.0,0.0,pca_0.005_rep3
lof,G,100.0,0.0,0.0,pca_0.005_rep3
lof,G,1.4142135623730951,1.0,0.0,pca_0.005_rep4
lof,G,2.8284271247461903,0.0,0.0,pca_0.005_rep4
lof,G,5.656854249492381,0.0,0.0,pca_0.005_rep4
lof,G,11.661903789690601,0.0,0.0,pca_0.005_rep4
lof,G,24.392621835300936,0.0,0.0,pca_0.005_rep4
lof,G,59.16079783099616,0.0,0.0,pca_0.005_rep4
lof,G,100.0,0.0,0.0,pca_0.005_rep4
lof,G,1.4142135623730951,0.0,0.0,pca_0.005_rep5
lof,G,2.8284271247461903,0.0,0.0,pca_0.005_rep5
lof,G,5.656854249492381,0.0,0.0,pca_0.005_rep5
lof,G,11.661903789690601,0.0,0.0,pca_0.005_rep5
lof,G,24.392621835300936,0.0,0.0,pca_0.005_rep5
lof,G,59.16079783099616,0.0,0.0,pca_0.005_rep5
lof,G,100.0,0.0,0.0,pca_0.005_rep5
lof,G,1.4142135623730951,0.0,0.0,pca_0.005_rep6
lof,G,2.8284271247461903,0.0,0.0,pca_0.005_rep6
lof,G,5.656854249492381,0.0,0.0,pca_0.005_rep6
lof,G,11.661903789690601,0.0,0.0,pca_0.005_rep6
lof,G,24.392621835300936,0.0,0.0,pca_0.005_rep6
lof,G,59.16079783099616,0.0,0.0,pca_0.005_rep6
lof,G,100.0,0.0,0.0,pca_0.005_rep6
lof,G,1.4142135623730951,0.0,0.0,pca_0.005_rep7
lof,G,2.8284271247461903,0.0,0.0,pca_0.005_rep7
lof,G,5.656854249492381,0.0,0.0,pca_0.005_rep7
lof,G,11.661903789690601,0.0,0.0,pca_0.005_rep7
lof,G,24.392621835300936,0.0,0.0,pca_0.005_rep7
lof,G,59.16079783099616,0.0,0.0,pca_0.005_rep7
lof,G,100.0,0.0,0.0,pca_0.005_rep7
lof,G,1.4142135623730951,0.0,0.0,pca_0.005_rep8
lof,G,2.8284271247461903,0.0,0.0,pca_0.005_rep8
lof,G,5.656854249492381,0.0,0.0,pca_0.005_rep8
lof,G,11.661903789690601,0.0,0.0,pca_0.005_rep8
lof,G,24.392621835300936,0.0,0.0,pca_0.005_rep8
lof,G,59.16079783099616,0.0,0.0,pca_0.005_rep8
lof,G,100.0,0.0,0.0,pca_0.005_rep8
lof,G,1.4142135623730951,0.0,0.0,pca_0.005_rep9
lof,G,2.8284271247461903,0.0,0.0,pca_0.005_rep9
lof,G,5.656854249492381,0.0,0.0,pca_0.005_rep9
lof,G,11.661903789690601,0.0,0.0,pca_0.005_rep9
lof,G,24.392621835300936,0.0,0.0,pca_0.005_rep9
lof,G,59.16079783099616,0.0,0.0,pca_0.005_rep9
lof,G,100.0,0.0,0.0,pca_0.005_rep9
lof,G,1.4142135623730951,0.0,0.0,pca_0.005_rep10
lof,G,2.8284271247461903,0.0,0.0,pca_0.005_rep10
lof,G,5.656854249492381,0.0,0.0,pca_0.005_rep10
lof,G,11.661903789690601,0.0,0.0,pca_0.005_rep10
lof,G,24.392621835300936,0.0,0.0,pca_0.005_rep10
lof,G,59.16079783099616,0.0,0.0,pca_0.005_rep10
lof,G,100.0,0.0,0.0,pca_0.005_rep10
lof,D,1.4142135623730951,12.42124856815579,0.17448264102904898,uniformgeo
lof,D,2.8284271247461903,1.154424398625423,0.104845578870145,uniformgeo
lof,D,5.656854249492381,0.5423109965635717,0.10945624313547231,uniformgeo
lof,D,11.661903789690601,0.24162371134022465,0.09443414370815995,uniformgeo
lof,D,24.392621835300936,0.16048587247044566,0.11970551854684564,uniformgeo
lof,D,59.16079783099616,0.10559851088208916,0.15917070145725376,uniformgeo
lof,D,100.0,0.23148148148274572,0.6308202529858246,uniformgeo
lof,A,1.4142135623730951,0.0,0.0,geo_50000_rep1
lof,A,2.8284271247461903,0.0,0.0,geo_50000_rep1
lof,A,5.656854249492381,0.0,0.0,geo_50000_rep1
lof,A,11.661903789690601,0.0,0.0,geo_50000_rep1
lof,A,24.392621835300936,0.0,0.0,geo_50000_rep1
lof,A,59.16079783099616,0.0,0.0,geo_50000_rep1
lof,A,100.0,3.0,0.0,geo_50000_rep1
lof,A,1.4142135623730951,0.0,0.0,geo_50000_rep2
lof,A,2.8284271247461903,0.0,0.0,geo_50000_rep2
lof,A,5.656854249492381,3.0,0.0,geo_50000_rep2
lof,A,11.661903789690601,0.0,0.0,geo_50000_rep2
lof,A,24.392621835300936,0.0,0.0,geo_50000_rep2
lof,A,59.16079783099616,0.0,0.0,geo_50000_rep2
lof,A,100.0,0.0,0.0,geo_50000_rep2
lof,A,1.4142135623730951,0.0,0.0,geo_50000_rep3
lof,A,2.8284271247461903,0.0,0.0,geo_50000_rep3
lof,A,5.656854249492381,0.0,0.0,geo_50000_rep3
lof,A,11.661903789690601,0.0,0.0,geo_50000_rep3
lof,A,24.392621835300936,0.0,0.0,geo_50000_rep3
lof,A,59.16079783099616,0.0,0.0,geo_50000_rep3
lof,A,100.0,0.0,0.0,geo_50000_rep3
lof,A,1.4142135623730951,0.0,0.0,geo_50000_rep4
lof,A,2.8284271247461903,0.0,0.0,geo_50000_rep4
lof,A,5.656854249492381,0.0,0.0,geo_50000_rep4
lof,A,11.661903789690601,0.0,0.0,geo_50000_rep4
lof,A,24.392621835300936,0.0,0.0,geo_50000_rep4
lof,A,59.16079783099616,0.0,0.0,geo_50000_rep4
lof,A,100.0,0.0,0.0,geo_50000_rep4
lof,A,1.4142135623730951,0.0,0.0,geo_50000_rep5
lof,A,2.8284271247461903,0.0,0.0,geo_50000_rep5
lof,A,5.656854249492381,0.0,0.0,geo_50000_rep5
lof,A,11.661903789690601,0.0,0.0,geo_50000_rep5
lof,A,24.392621835300936,0.0,0.0,geo_50000_rep5
lof,A,59.16079783099616,0.0,0.0,geo_50000_rep5
lof,A,100.0,0.0,0.0,geo_50000_rep5
lof,A,1.4142135623730951,0.0,0.0,geo_50000_rep6
lof,A,2.8284271247461903,0.0,0.0,geo_50000_rep6
lof,A,5.656854249492381,0.0,0.0,geo_50000_rep6
lof,A,11.661903789690601,0.0,0.0,geo_50000_rep6
lof,A,24.392621835300936,0.0,0.0,geo_50000_rep6
lof,A,59.16079783099616,0.0,0.0,geo_50000_rep6
lof,A,100.0,0.0,0.0,geo_50000_rep6
lof,A,1.4142135623730951,0.0,0.0,geo_50000_rep7
lof,A,2.8284271247461903,0.0,0.0,geo_50000_rep7
lof,A,5.656854249492381,0.0,0.0,geo_50000_rep7
lof,A,11.661903789690601,0.0,0.0,geo_50000_rep7
lof,A,24.392621835300936,0.0,0.0,geo_50000_rep7
lof,A,59.16079783099616,0.0,0.0,geo_50000_rep7
lof,A,100.0,0.0,0.0,geo_50000_rep7
lof,A,1.4142135623730951,0.0,0.0,geo_50000_rep8
lof,A,2.8284271247461903,0.0,0.0,geo_50000_rep8
lof,A,5.656854249492381,0.0,0.0,geo_50000_rep8
lof,A,11.661903789690601,0.0,0.0,geo_50000_rep8
lof,A,24.392621835300936,0.0,0.0,geo_50000_rep8
lof,A,59.16079783099616,0.0,0.0,geo_50000_rep8
lof,A,100.0,0.0,0.0,geo_50000_rep8
lof,A,1.4142135623730951,0.0,0.0,geo_50000_rep9
lof,A,2.8284271247461903,0.0,0.0,geo_50000_rep9
lof,A,5.656854249492381,0.0,0.0,geo_50000_rep9
lof,A,11.661903789690601,0.0,0.0,geo_50000_rep9
lof,A,24.392621835300936,0.0,0.0,geo_50000_rep9
lof,A,59.16079783099616,0.0,0.0,geo_50000_rep9
lof,A,100.0,0.0,0.0,geo_50000_rep9
lof,A,1.4142135623730951,0.0,0.0,geo_50000_rep10
lof,A,2.8284271247461903,0.0,0.0,geo_50000_rep10
lof,A,5.656854249492381,0.0,0.0,geo_50000_rep10
lof,A,11.661903789690601,0.0,0.0,geo_50000_rep10
lof,A,24.392621835300936,0.0,0.0,geo_50000_rep10
lof,A,59.16079783099616,0.0,0.0,geo_50000_rep10
lof,A,100.0,0.0,0.0,geo_50000_rep10
lof,B,1.4142135623730951,0.0,0.0,geo_100000_rep1
lof,B,2.8284271247461903,0.0,0.0,geo_100000_rep1
lof,B,5.656854249492381,0.0,0.0,geo_100000_rep1
lof,B,11.661903789690601,0.0,0.0,geo_100000_rep1
lof,B,24.392621835300936,0.0,0.0,geo_100000_rep1
lof,B,59.16079783099616,0.0,0.0,geo_100000_rep1
lof,B,100.0,3.0,0.0,geo_100000_rep1
lof,B,1.4142135623730951,0.0,0.0,geo_100000_rep2
lof,B,2.8284271247461903,0.0,0.0,geo_100000_rep2
lof,B,5.656854249492381,0.0,0.0,geo_100000_rep2
lof,B,11.661903789690601,3.0,0.0,geo_100000_rep2
lof,B,24.392621835300936,0.0,0.0,geo_100000_rep2
lof,B,59.16079783099616,0.0,0.0,geo_100000_rep2
lof,B,100.0,0.0,0.0,geo_100000_rep2
lof,B,1.4142135623730951,0.0,0.0,geo_100000_rep3
lof,B,2.8284271247461903,0.0,0.0,geo_100000_rep3
lof,B,5.656854249492381,0.0,0.0,geo_100000_rep3
lof,B,11.661903789690601,0.0,0.0,geo_100000_rep3
lof,B,24.392621835300936,0.0,0.0,geo_100000_rep3
lof,B,59.16079783099616,0.0,0.0,geo_100000_rep3
lof,B,100.0,0.0,0.0,geo_100000_rep3
lof,B,1.4142135623730951,0.0,0.0,geo_100000_rep4
lof,B,2.8284271247461903,0.0,0.0,geo_100000_rep4
lof,B,5.656854249492381,0.0,0.0,geo_100000_rep4
lof,B,11.661903789690601,0.0,0.0,geo_100000_rep4
lof,B,24.392621835300936,0.0,0.0,geo_100000_rep4
lof,B,59.16079783099616,0.0,0.0,geo_100000_rep4
lof,B,100.0,0.0,0.0,geo_100000_rep4
lof,B,1.4142135623730951,0.0,0.0,geo_100000_rep5
lof,B,2.8284271247461903,0.0,0.0,geo_100000_rep5
lof,B,5.656854249492381,0.0,0.0,geo_100000_rep5
lof,B,11.661903789690601,0.0,0.0,geo_100000_rep5
lof,B,24.392621835300936,0.0,0.0,geo_100000_rep5
lof,B,59.16079783099616,0.0,0.0,geo_100000_rep5
lof,B,100.0,0.0,0.0,geo_100000_rep5
lof,B,1.4142135623730951,0.0,0.0,geo_100000_rep6
lof,B,2.8284271247461903,0.0,0.0,geo_100000_rep6
lof,B,5.656854249492381,0.0,0.0,geo_100000_rep6
lof,B,11.661903789690601,0.0,0.0,geo_100000_rep6
lof,B,24.392621835300936,0.0,0.0,geo_100000_rep6
lof,B,59.16079783099616,0.0,0.0,geo_100000_rep6
lof,B,100.0,0.0,0.0,geo_100000_rep6
lof,B,1.4142135623730951,0.0,0.0,geo_100000_rep7
lof,B,2.8284271247461903,0.0,0.0,geo_100000_rep7
lof,B,5.656854249492381,0.0,0.0,geo_100000_rep7
lof,B,11.661903789690601,0.0,0.0,geo_100000_rep7
lof,B,24.392621835300936,0.0,0.0,geo_100000_rep7
lof,B,59.16079783099616,0.0,0.0,geo_100000_rep7
lof,B,100.0,0.0,0.0,geo_100000_rep7
lof,B,1.4142135623730951,0.0,0.0,geo_100000_rep8
lof,B,2.8284271247461903,0.0,0.0,geo_100000_rep8
lof,B,5.656854249492381,0.0,0.0,geo_100000_rep8
lof,B,11.661903789690601,0.0,0.0,geo_100000_rep8
lof,B,24.392621835300936,0.0,0.0,geo_100000_rep8
lof,B,59.16079783099616,0.0,0.0,geo_100000_rep8
lof,B,100.0,0.0,0.0,geo_100000_rep8
lof,B,1.4142135623730951,0.0,0.0,geo_100000_rep9
lof,B,2.8284271247461903,0.0,0.0,geo_100000_rep9
lof,B,5.656854249492381,0.0,0.0,geo_100000_rep9
lof,B,11.661903789690601,0.0,0.0,geo_100000_rep9
lof,B,24.392621835300936,0.0,0.0,geo_100000_rep9
lof,B,59.16079783099616,0.0,0.0,geo_100000_rep9
lof,B,100.0,0.0,0.0,geo_100000_rep9
lof,B,1.4142135623730951,0.0,0.0,geo_100000_rep10
lof,B,2.8284271247461903,0.0,0.0,geo_100000_rep10
lof,B,5.656854249492381,0.0,0.0,geo_100000_rep10
lof,B,11.661903789690601,0.0,0.0,geo_100000_rep10
lof,B,24.392621835300936,0.0,0.0,geo_100000_rep10
lof,B,59.16079783099616,0.0,0.0,geo_100000_rep10
lof,B,100.0,0.0,0.0,geo_100000_rep10
lof,C,1.4142135623730951,0.0,0.0,geo_150000_rep1
lof,C,2.8284271247461903,0.0,0.0,geo_150000_rep1
lof,C,5.656854249492381,0.0,0.0,geo_150000_rep1
lof,C,11.661903789690601,0.0,0.0,geo_150000_rep1
lof,C,24.392621835300936,0.0,0.0,geo_150000_rep1
lof,C,59.16079783099616,0.0,0.0,geo_150000_rep1
lof,C,100.0,3.0,0.0,geo_150000_rep1
lof,C,1.4142135623730951,0.0,0.0,geo_150000_rep2
lof,C,2.8284271247461903,0.0,0.0,geo_150000_rep2
lof,C,5.656854249492381,0.0,0.0,geo_150000_rep2
lof,C,11.661903789690601,3.0,0.0,geo_150000_rep2
lof,C,24.392621835300936,0.0,0.0,geo_150000_rep2
lof,C,59.16079783099616,0.0,0.0,geo_150000_rep2
lof,C,100.0,0.0,0.0,geo_150000_rep2
lof,C,1.4142135623730951,0.0,0.0,geo_150000_rep3
lof,C,2.8284271247461903,0.0,0.0,geo_150000_rep3
lof,C,5.656854249492381,0.0,0.0,geo_150000_rep3
lof,C,11.661903789690601,0.0,0.0,geo_150000_rep3
lof,C,24.392621835300936,0.0,0.0,geo_150000_rep3
lof,C,59.16079783099616,0.0,0.0,geo_150000_rep3
lof,C,100.0,0.0,0.0,geo_150000_rep3
lof,C,1.4142135623730951,0.0,0.0,geo_150000_rep4
lof,C,2.8284271247461903,0.0,0.0,geo_150000_rep4
lof,C,5.656854249492381,0.0,0.0,geo_150000_rep4
lof,C,11.661903789690601,0.0,0.0,geo_150000_rep4
lof,C,24.392621835300936,0.0,0.0,geo_150000_rep4
lof,C,59.16079783099616,0.0,0.0,geo_150000_rep4
lof,C,100.0,0.0,0.0,geo_150000_rep4
lof,C,1.4142135623730951,0.0,0.0,geo_150000_rep5
lof,C,2.8284271247461903,0.0,0.0,geo_150000_rep5
lof,C,5.656854249492381,0.0,0.0,geo_150000_rep5
lof,C,11.661903789690601,0.0,0.0,geo_150000_rep5
lof,C,24.392621835300936,0.0,0.0,geo_150000_rep5
lof,C,59.16079783099616,0.0,0.0,geo_150000_rep5
lof,C,100.0,0.0,0.0,geo_150000_rep5
lof,C,1.4142135623730951,0.0,0.0,geo_150000_rep6
lof,C,2.8284271247461903,0.0,0.0,geo_150000_rep6
lof,C,5.656854249492381,0.0,0.0,geo_150000_rep6
lof,C,11.661903789690601,0.0,0.0,geo_150000_rep6
lof,C,24.392621835300936,0.0,0.0,geo_150000_rep6
lof,C,59.16079783099616,0.0,0.0,geo_150000_rep6
lof,C,100.0,0.0,0.0,geo_150000_rep6
lof,C,1.4142135623730951,0.0,0.0,geo_150000_rep7
lof,C,2.8284271247461903,0.0,0.0,geo_150000_rep7
lof,C,5.656854249492381,0.0,0.0,geo_150000_rep7
lof,C,11.661903789690601,0.0,0.0,geo_150000_rep7
lof,C,24.392621835300936,0.0,0.0,geo_150000_rep7
lof,C,59.16079783099616,0.0,0.0,geo_150000_rep7
lof,C,100.0,0.0,0.0,geo_150000_rep7
lof,C,1.4142135623730951,0.0,0.0,geo_150000_rep8
lof,C,2.8284271247461903,0.0,0.0,geo_150000_rep8
lof,C,5.656854249492381,0.0,0.0,geo_150000_rep8
lof,C,11.661903789690601,0.0,0.0,geo_150000_rep8
lof,C,24.392621835300936,0.0,0.0,geo_150000_rep8
lof,C,59.16079783099616,0.0,0.0,geo_150000_rep8
lof,C,100.0,0.0,0.0,geo_150000_rep8
lof,C,1.4142135623730951,0.0,0.0,geo_150000_rep9
lof,C,2.8284271247461903,0.0,0.0,geo_150000_rep9
lof,C,5.656854249492381,0.0,0.0,geo_150000_rep9
lof,C,11.661903789690601,0.0,0.0,geo_150000_rep9
lof,C,24.392621835300936,0.0,0.0,geo_150000_rep9
lof,C,59.16079783099616,0.0,0.0,geo_150000_rep9
lof,C,100.0,0.0,0.0,geo_150000_rep9
lof,C,1.4142135623730951,0.0,0.0,geo_150000_rep10
lof,C,2.8284271247461903,0.0,0.0,geo_150000_rep10
lof,C,5.656854249492381,0.0,0.0,geo_150000_rep10
lof,C,11.661903789690601,0.0,0.0,geo_150000_rep10
lof,C,24.392621835300936,0.0,0.0,geo_150000_rep10
lof,C,59.16079783099616,0.0,0.0,geo_150000_rep10
lof,C,100.0,0.0,0.0,geo_150000_rep10
