seed	0	1	2	3	4	5	6	7	8	9	10	11	12	13	14	15	16	17	18	19	20	21	22	23	24	25	26	27	28	29	30	31	32	33	34	35	36	37	38	39	40	41	42	43	44	45	46	47	48	49	50	51	52	53	54	55	56	57	58	59	60	61	62	63	64	65	66	67	68	69	70	71	72	73	74	75	76	77	78	79	80	81	82	83	84	85	86	87	88	89	90	91	92	93	94	95	96	97	98	99	100	101	102	103	104	105	106	107	108	109	110	111	112	113	114	115	116	117	118	119	120	121	122	123	124	125	126	127	128	129	130	131	132	133	134	135	136	137	138	139	140	141	142	143	144	145	146	147	148	149	150	151	152	153	154	155	156	157	158	159	160	161	162	163	164	165	166	167	168	169	170	171	172	173	174	175	176	177	178	179	180	181	182	183	184	185	186	187	188	189	190	191	192	193	194	195	196	197	198	199	200	201	202	203	204	205	206	207	208	209	210	211	212	213	214	215	216	217	218	219	220	221	222	223	224	225	226	227	228	229	230	231	232	233	234	235	236	237	238	239	240	241	242	243	244	245	246	247	248	249	250	251	252	253	254	255	256	257	258	259	260	261	262	263	264	265	266	267	268	269	270	271	272	273	274	275	276	277	278	279	280	281	282	283	284	285	286	287	288	289	290	291	292	293	294	295	296	297	298	299	300	301	302	303	304	305	306	307	308	309	310	311	312	313	314	315	316	317	318	319	320	321	322	323	324	325	326	327	328	329	330	331	332	333	334	335	336	337	338	339	340	341	342	343	344	345	346	347	348	349	350	351	352	353	354	355	356	357	358	359	360	361	362	363	364	365	366	367	368	369	370	371	372	373	374	375	376	377	378	379	380	381	382	383	384	385	386	387	388	389	390	391	392	393	394	395	396	397	398	399	400	401	402	403	404	405	406	407	408	409	410	411	412	413	414	415	416	417	418	419	420	421	422	423	424	425	426	427	428	429	430	431	432	433	434	435	436	437	438	439	440	441	442	443	444	445	446	447	448	449	450	451	452	453	454	455	456	457	458	459	460	461	462	463	464	465	466	467	468	469	470	471	472	473	474	475	476	477	478	479	480	481	482	483	484	485	486	487	488	489	490	491	492	493	494	495	496	497	498	499	500	501	502	503	504	505	506	507	508	509	510	511	512	513	514	515	516	517	518	519	520	521	522	523	524	525	526	527	528	529	530	531	532	533	534	535	536	537	538	539	540	541	542	543	544	545	546	547	548	549	550	551	552	553	554	555	556	557	558	559	560	561	562	563	564	565	566	567	568	569	570	571	572	573	574	575	576	577	578	579	580	581	582	583	584	585	586	587	588	589	590	591	592	593	594	595	596	597	598	599	600	601	602	603	604	605	606	607	608	609	610	611	612	613	614	615	616	617	618	619	620	621	622	623	624	625	626	627	628	629	630	631	632	633	634	635	636	637	638	639	640	641	642	643	644	645	646	647	648	649	650	651	652	653	654	655	656	657	658	659	660	661	662	663	664	665	666	667	668	669	670	671	672	673	674	675	676	677	678	679	680	681	682	683	684	685	686	687	688	689	690	691	692	693	694	695	696	697	698	699	700	701	702	703	704	705	706	707	708	709	710	711	712	713	714	715	716	717	718	719	720	721	722	723	724	725	726	727	728	729	730	731	732	733	734	735	736	737	738	739	740	741	742	743	744	745	746	747	748	749	750	751	752	753	754	755	756	757	758	759	760	761	762	763	764	765	766	767	768	769	770	771	772	773	774	775	776	777	778	779	780	781	782	783	784	785	786	787	788	789	790	791	792	793	794	795	796	797	798	799	800	801	802	803	804	805	806	807	808	809	810	811	812	813	814	815	816	817	818	819	820	821	822	823	824	825	826	827	828	829	830	831	832	833	834	835	836	837	838	839	840	841	842	843	844	845	846	847	848	849	850	851	852	853	854	855	856	857	858	859	860	861	862	863	864	865	866	867	868	869	870	871	872	873	874	875	876	877	878	879	880	881	882	883	884	885	886	887	888	889	890	891	892	893	894	895	896	897	898	899	900	901	902	903	904	905	906	907	908	909	910	911	912	913	914	915	916	917	918	919	920	921	922	923	924	925	926	927	928	929	930	931	932	933	934	935	936	937	938	939	940	941	942	943	944	945	946	947	948	949	950	951	952	953	954	955	956	957	958	959	960	961	962	963	964	965	966	967	968	969	970	971	972	973	974	975	976	977	978	979	980	981	982	983	984	985	986	987	988	989	990	991	992	993	994	995	996	997	998	999	1000
4	23088542	1956804	453361	191149	104613	65656	45365	33308	25765	20510	17086	14374	12183	10660	9232	8253	7497	6788	6350	5600	5284	4914	4628	4454	4033	3875	3668	3322	3244	3002	2907	2740	2738	2519	2564	2424	2312	2205	2107	2003	1994	1942	1857	1794	1703	1685	1692	1611	1543	1538	1509	1442	1410	1368	1322	1360	1302	1247	1160	1137	1174	1099	1122	1079	984	1030	1047	1072	1014	1048	1033	1014	853	899	876	889	870	852	829	828	832	831	787	833	778	790	729	756	734	707	776	664	712	692	658	654	716	612	590	660	659	597	577	602	567	593	532	529	531	532	556	564	514	566	481	504	534	507	501	510	489	510	445	463	473	484	447	421	483	472	448	450	425	440	469	435	424	420	417	415	416	400	416	366	387	382	412	417	357	356	353	359	376	369	343	358	367	329	349	338	351	333	329	311	355	315	361	335	322	296	313	340	318	309	330	299	293	316	281	295	264	300	282	292	298	300	271	257	278	288	274	290	316	299	298	296	262	254	249	247	243	249	270	240	225	231	251	247	222	261	230	231	240	276	263	266	263	243	233	207	225	201	239	248	213	205	232	206	214	207	218	236	217	216	204	219	208	187	221	214	203	174	219	212	210	218	195	210	205	202	191	176	214	193	193	202	175	218	176	199	188	202	182	150	171	191	205	212	150	189	183	195	193	167	169	206	171	151	172	162	151	179	160	171	172	153	158	181	165	160	170	159	180	152	149	149	150	179	181	163	154	198	184	171	175	157	171	161	138	165	142	143	142	136	145	139	165	157	149	140	158	153	164	147	139	172	153	150	178	142	140	153	157	155	129	132	146	142	136	143	127	128	119	141	145	128	134	153	138	129	119	142	130	133	140	122	124	114	113	124	129	138	126	108	145	126	123	113	141	134	129	119	96	132	121	132	121	111	111	119	114	134	135	108	125	132	111	104	102	107	139	120	93	112	138	114	105	113	103	90	100	102	100	99	117	123	109	122	110	103	112	108	107	116	113	103	111	110	102	92	127	110	108	124	94	107	116	109	92	102	110	107	102	122	100	97	89	91	106	98	114	95	139	90	97	99	112	103	116	105	112	106	94	101	107	98	101	102	98	106	85	115	92	121	108	98	81	110	100	97	94	88	103	100	108	88	89	94	102	84	86	77	102	92	101	108	95	90	96	80	88	81	100	94	91	89	102	91	82	94	99	102	106	102	102	96	94	81	86	89	76	84	90	90	88	91	89	64	87	111	106	91	92	79	85	89	83	90	85	80	75	77	87	85	81	99	73	78	78	82	91	89	88	87	76	93	68	82	77	93	75	91	81	91	86	79	60	87	87	91	74	95	76	75	80	76	71	66	70	87	81	77	82	70	85	73	81	83	67	68	70	64	74	79	83	75	65	78	80	65	67	75	72	55	81	76	65	105	59	68	88	65	94	65	82	55	74	77	89	70	69	61	84	65	59	71	74	59	62	59	71	82	73	69	71	62	66	57	75	75	87	62	77	75	68	76	80	68	74	63	71	68	61	60	59	64	61	54	69	62	65	65	61	66	84	73	59	68	55	70	80	57	71	61	75	75	81	70	62	80	70	69	58	81	60	54	82	65	53	55	61	54	69	59	70	72	67	67	59	46	50	72	61	57	73	53	53	49	57	49	69	71	70	62	50	68	67	72	46	66	56	56	55	62	50	74	50	56	65	65	54	52	54	60	68	62	61	69	61	47	56	57	50	58	68	67	53	57	61	52	46	73	54	75	51	62	66	63	65	57	49	56	64	61	53	64	49	56	52	62	53	61	49	59	61	46	63	51	58	67	40	49	56	48	44	53	61	44	59	59	41	51	52	60	55	53	59	58	39	45	46	55	57	58	58	49	58	60	54	66	37	56	51	54	47	53	35	55	58	65	33	53	46	51	47	45	54	56	58	52	54	62	54	46	57	44	34	57	61	50	71	36	57	57	50	50	70	60	48	44	55	57	51	58	48	56	38	34	56	46	39	62	51	59	55	52	49	58	51	46	50	36	49	58	51	50	45	62	50	44	50	48	39	56	36	29	64	42	39	42	46	54	45	48	39	42	56	58	46	52	45	40	42	38	60	52	62	55	44	39	53	40	57	47	39	39	50	38	39	52	40	56	43	52	40	49	35	65	37	50	47	42	58	48	58	48	47	46	48	38	38	70	46	57	54	44	46	42	45	49	35	41	38	46	42	43	49	46	51	33	46	63	48	57	45	48	52	46	51	46	57	48	64	45	54	46	43	57	36	51	48	45	46	48	33	38	53	49	43	45	41	47	45	40	39	37	46	56	38	39	46	35	33	40	47	42	55	39	41	46	45
7	23083727	1962585	452703	190567	103957	66150	45591	33792	25995	20467	16831	14087	12079	10566	9377	8313	7697	6718	6314	5689	5328	4898	4594	4239	3994	3774	3684	3436	3252	3054	2921	2876	2660	2510	2514	2439	2272	2180	2126	2068	1961	2000	1843	1780	1786	1771	1642	1634	1588	1514	1430	1463	1396	1385	1292	1269	1285	1229	1223	1191	1174	1097	1108	1117	1126	1066	971	974	1008	961	944	931	957	915	896	939	931	879	809	857	787	800	801	753	802	720	704	774	748	680	743	689	683	698	718	652	648	661	610	639	621	664	607	578	610	548	538	549	564	573	548	553	500	557	530	518	514	483	500	511	490	486	470	430	518	472	483	425	490	453	465	437	442	401	430	455	436	450	403	410	372	443	399	394	406	362	378	369	385	373	367	346	375	331	355	343	373	357	321	348	335	315	326	349	282	355	368	318	326	322	342	315	318	311	277	318	294	321	321	305	295	266	294	307	288	316	277	290	290	254	278	266	263	272	296	272	257	294	257	266	225	275	245	232	243	273	257	243	260	236	220	244	268	237	235	241	217	222	214	240	243	224	203	226	205	209	217	252	233	236	247	222	216	196	222	230	221	223	191	208	205	200	194	201	223	175	182	176	181	190	182	193	158	189	216	175	187	167	194	185	196	182	169	183	177	184	192	186	170	187	190	158	195	194	179	152	154	183	179	186	166	183	183	164	164	158	147	189	162	153	161	152	187	158	182	145	172	164	165	163	181	161	170	188	158	144	158	181	164	162	141	161	191	170	161	159	157	159	126	140	134	138	140	168	171	157	158	163	149	158	149	133	145	128	150	149	124	133	131	124	134	152	142	149	139	148	151	143	145	140	132	152	131	135	150	138	132	125	127	139	121	119	115	120	135	115	144	123	116	126	125	114	129	136	130	127	122	95	130	116	109	126	111	130	112	115	129	99	125	129	123	114	113	118	132	110	114	130	104	121	89	98	126	108	107	124	105	96	110	132	124	118	112	126	106	102	101	93	103	109	99	88	109	106	102	78	85	104	103	96	107	121	109	101	118	102	105	105	102	103	118	118	122	114	117	102	108	113	124	99	99	107	87	100	84	86	99	100	101	109	84	110	85	96	90	107	92	100	92	107	96	101	106	104	89	90	97	97	95	107	97	95	81	89	79	100	88	98	99	110	113	90	84	104	95	88	108	101	90	101	87	103	88	94	101	92	78	85	93	80	94	86	79	91	92	95	96	92	75	97	88	79	97	85	81	95	90	96	82	80	102	83	88	79	86	79	63	76	89	71	78	85	80	86	72	77	94	87	83	77	69	84	71	89	90	86	84	68	85	64	80	86	88	84	90	77	84	81	69	69	76	79	80	78	70	78	77	70	74	85	68	78	59	74	78	65	74	73	80	67	69	56	78	66	77	60	65	69	79	73	58	73	70	65	68	55	64	83	70	72	63	62	65	60	68	71	75	83	73	93	64	69	59	61	77	84	57	66	63	75	70	71	85	73	78	66	77	79	64	74	75	69	65	50	83	71	77	64	54	63	66	79	95	82	73	51	61	61	70	68	79	51	52	68	60	66	62	62	75	60	67	62	56	59	68	58	66	63	69	58	62	61	60	44	51	76	54	73	51	53	75	50	65	64	74	62	58	64	57	53	53	64	65	47	70	57	66	62	55	61	50	52	66	56	63	74	53	54	59	72	56	75	59	69	80	71	58	72	66	75	72	63	66	59	61	63	63	53	53	59	56	71	44	55	53	49	55	55	37	53	52	49	59	49	55	70	80	55	56	45	53	68	61	52	50	52	41	52	49	39	51	31	55	65	55	52	47	47	56	47	61	66	70	49	59	69	54	44	50	44	73	46	54	61	73	51	59	53	41	66	67	46	52	60	50	65	53	53	41	65	56	48	50	44	44	56	52	48	52	43	54	52	43	52	53	53	54	57	47	48	50	51	42	59	40	58	48	49	51	46	44	42	52	63	60	51	45	49	62	49	42	49	47	55	39	54	49	49	53	48	73	45	57	59	61	50	67	53	56	54	57	41	34	56	43	42	41	45	35	48	48	54	50	51	60	55	54	46	47	38	35	44	48	49	54	44	38	43	52	50	56	44	41	56	51	30	54	47	45	39	58	50	46	47	54	45	50	47	50	61	41	51	53	47	44	36	36	50	48	38	34	51	46	32	44	38	37	42	48	49	50	54	68	53	52	58	51	44	50	51	47	49	46	52	52	28	51	44	33	46	52	47	42	54	51	45	31	49	45	48	38	35	45	31	41	42	43	43	38	47	30	35	53	49	34	57	49	58	42	39	55	48	35	40	42	49	55	42	46	41	56
5	23082464	1963769	453200	190744	104248	65466	45693	33368	26037	20802	16881	14265	12152	10656	9196	8151	7613	6669	6180	5785	5326	4897	4623	4312	4057	3837	3514	3380	3104	3060	2974	2836	2577	2614	2508	2399	2267	2302	2194	1990	1979	1867	1904	1840	1792	1677	1656	1572	1543	1525	1452	1351	1377	1367	1335	1338	1228	1194	1285	1201	1144	1162	1122	1111	1051	1043	1068	985	987	972	943	947	968	874	930	882	872	868	831	885	799	793	817	773	782	736	761	707	696	715	739	703	678	739	735	650	681	655	630	577	580	576	626	613	601	595	561	537	608	581	546	536	518	520	522	479	495	474	502	469	473	524	526	505	528	457	415	464	479	457	453	450	433	418	414	444	466	421	414	397	419	397	420	389	397	410	419	405	385	358	380	362	358	353	335	309	362	352	381	359	327	336	325	315	348	332	338	337	320	351	375	320	329	327	290	325	292	318	280	300	273	296	271	279	290	289	271	300	272	274	279	278	277	257	277	256	281	275	258	278	262	221	268	236	254	246	250	242	234	254	284	244	217	253	270	213	240	225	215	217	211	233	234	218	230	212	233	231	236	261	211	218	207	210	183	198	201	202	208	234	229	226	204	217	235	226	207	188	182	180	180	184	210	183	187	197	173	199	164	160	179	206	202	189	177	196	169	180	160	162	177	178	196	181	145	177	169	128	200	169	166	188	165	171	181	187	172	189	172	177	181	182	173	175	182	170	161	147	170	152	156	167	158	141	167	163	163	150	147	147	166	156	122	153	124	132	156	142	157	135	123	159	148	148	143	134	154	155	133	143	160	158	147	120	147	150	168	153	131	140	121	137	147	144	152	169	141	136	120	136	126	122	141	140	138	140	149	121	142	136	120	135	133	128	118	108	118	132	139	117	134	131	138	115	116	108	123	122	126	133	103	104	112	118	104	114	106	125	136	139	103	129	117	89	120	102	132	113	102	107	91	106	106	116	109	115	125	119	112	111	99	104	92	109	112	110	114	115	117	118	93	105	115	107	102	131	106	108	108	103	100	106	96	109	99	105	107	116	94	142	104	99	111	102	107	103	104	98	90	111	113	95	102	98	105	111	103	89	109	104	96	102	105	100	110	98	104	87	101	109	96	97	85	114	106	90	93	103	118	98	93	78	95	98	93	90	95	84	104	101	99	100	101	78	119	104	90	87	106	96	78	91	80	99	112	83	84	94	90	92	81	84	98	90	89	83	101	91	90	92	73	86	69	88	64	70	82	92	70	82	92	82	79	77	76	84	91	86	79	88	95	92	84	88	72	83	84	95	99	70	90	66	71	64	71	80	96	63	72	76	93	64	65	73	74	75	72	76	89	84	77	68	69	70	64	60	85	71	63	82	87	79	71	83	69	76	75	68	66	77	62	89	73	70	87	85	61	80	64	76	68	74	69	86	70	59	80	79	64	73	69	72	69	73	67	71	64	71	67	56	67	67	67	61	69	58	74	75	63	65	71	67	70	78	70	82	91	67	70	72	62	57	83	66	83	85	76	77	58	82	50	70	79	84	68	76	68	66	59	81	57	75	60	68	79	67	49	54	66	53	45	68	70	55	58	52	57	65	76	57	73	54	50	52	69	63	51	57	83	63	68	65	65	62	65	73	37	53	72	71	72	67	57	71	64	56	48	65	67	57	57	61	72	72	56	58	74	48	66	52	47	55	69	65	58	50	61	58	54	61	76	57	60	66	44	52	43	61	46	63	48	65	57	67	47	48	62	51	64	57	50	60	52	58	56	53	71	62	58	51	50	51	67	53	48	58	52	58	50	44	54	41	54	52	39	63	61	47	50	55	49	59	62	57	53	60	61	75	49	53	64	48	60	67	54	68	62	57	48	54	67	52	35	53	64	52	54	45	50	50	62	57	58	54	52	67	42	45	63	48	45	57	47	54	57	47	54	46	48	34	44	50	56	63	57	48	57	56	46	47	57	39	45	53	46	41	59	51	50	63	46	40	36	42	46	39	51	50	60	55	49	45	47	54	51	45	49	59	57	53	52	36	46	42	55	46	45	52	52	54	36	50	42	40	51	45	37	46	51	40	52	57	41	31	51	50	47	58	44	52	58	52	50	53	44	51	46	48	57	42	51	47	40	37	44	48	41	52	58	39	45	37	53	43	43	43	47	46	41	48	49	49	41	43	43	43	57	47	60	35	57	53	40	49	44	40	48	33	41	54	53	40	41	39	42	41	48	46	42	40	51	47	47	43	42	51	37	48	56	43	42	44	58	43	54	59	43	40	45	36	48	41	55	39	44	40	49	28	54	51	42	45	42	47	40	58	45	49	42	44	48
10	23080796	1966006	452682	190491	104443	65893	45336	33440	25769	20541	16996	14252	12186	10390	9329	8263	7424	6820	6312	5847	5258	4879	4693	4392	4089	3769	3604	3406	3231	3134	2972	2819	2678	2512	2387	2391	2380	2151	2094	1977	2021	1889	1793	1818	1713	1749	1617	1672	1518	1521	1497	1442	1406	1388	1293	1326	1289	1221	1187	1167	1183	1130	1181	1130	1171	1004	991	1021	1040	966	968	921	901	896	929	838	834	866	872	881	845	856	780	786	759	752	726	760	733	669	747	710	647	732	655	683	643	661	646	627	599	620	591	591	567	552	586	595	563	558	550	565	584	513	494	506	511	485	482	516	490	494	503	465	513	467	463	477	459	436	424	440	430	441	452	457	457	414	427	410	377	436	368	352	400	362	377	364	353	371	366	366	368	333	410	360	342	348	333	330	362	335	331	351	339	339	364	332	334	325	363	333	343	335	305	290	297	281	275	284	288	299	339	309	303	276	277	294	278	294	240	278	252	265	235	289	285	247	265	266	244	260	255	265	265	230	248	247	248	220	244	236	268	230	244	220	224	208	203	248	224	216	243	244	242	201	241	210	228	209	205	185	192	239	218	214	204	192	248	208	207	196	159	231	206	170	201	210	197	219	161	202	171	261	205	197	169	219	188	183	190	168	177	175	211	178	180	163	200	185	182	175	165	176	176	182	179	201	173	168	170	169	175	167	172	181	175	169	142	157	163	189	166	160	150	168	181	184	151	176	151	140	163	158	173	151	163	146	162	165	169	138	158	168	135	140	152	151	149	147	157	156	171	156	153	152	151	148	133	128	128	144	153	142	137	151	139	155	121	138	157	144	138	145	162	138	128	133	129	127	132	111	108	133	136	132	117	148	125	114	111	116	132	121	117	115	147	124	108	109	110	109	121	118	127	128	120	121	136	121	112	134	104	114	107	120	117	121	149	113	99	126	110	133	115	101	125	106	86	126	120	110	122	132	111	111	114	133	142	104	92	96	119	119	111	112	110	110	100	102	117	103	132	103	99	118	115	106	94	106	124	110	113	101	120	98	100	111	98	100	91	118	107	100	101	97	101	115	105	109	106	98	91	79	92	109	107	112	95	87	96	107	92	99	114	102	108	102	90	113	95	112	102	82	105	103	93	102	107	115	78	99	91	112	82	82	90	78	94	85	90	86	96	95	90	90	81	94	88	102	87	90	86	102	95	83	86	94	76	90	75	89	77	104	96	112	91	97	100	95	76	62	75	77	77	74	83	79	68	103	101	99	82	68	66	85	66	83	82	78	89	74	87	79	74	84	66	94	67	84	78	87	97	83	84	79	75	84	77	93	60	77	87	83	84	77	93	98	82	88	89	73	76	85	72	82	83	67	82	65	69	55	72	90	64	56	73	59	70	81	75	64	78	70	74	75	79	71	74	66	70	66	75	71	80	75	88	72	79	95	97	63	68	85	73	63	75	72	72	66	68	61	77	74	87	81	64	78	78	76	60	69	66	75	86	66	53	72	67	67	79	74	64	69	64	60	53	60	76	52	66	60	71	62	62	52	88	59	70	69	66	68	63	70	71	62	54	67	70	56	60	63	62	53	69	38	69	74	57	63	72	57	63	64	69	54	60	65	72	59	79	62	61	65	67	86	62	72	64	64	58	52	53	50	61	66	54	52	53	57	58	61	67	64	61	63	59	60	58	62	51	72	66	46	44	57	50	55	47	49	48	55	59	80	49	49	54	69	54	58	66	68	73	77	64	47	61	57	53	57	54	62	46	57	53	43	44	60	69	55	58	50	52	53	49	60	52	53	57	56	73	59	58	62	60	45	45	60	54	57	53	52	65	49	58	46	52	59	56	46	49	52	47	54	41	58	50	48	62	57	57	51	48	58	52	44	40	57	53	57	54	60	46	48	60	46	54	43	40	51	41	54	53	52	46	52	59	61	46	56	71	52	59	48	51	47	49	40	60	60	52	48	51	42	49	43	58	46	51	56	40	51	51	53	61	64	58	53	51	43	44	52	44	48	40	48	44	52	49	41	54	47	44	43	53	58	54	48	44	46	52	55	60	49	54	44	56	46	61	60	51	42	52	54	52	37	40	53	58	47	36	42	39	48	40	41	45	53	59	55	57	36	51	41	42	46	46	44	55	48	31	42	41	42	54	40	56	38	43	49	49	47	46	41	52	45	47	36	41	45	49	52	40	58	44	40	48	47	36	41	49	46	44	40	41	60	52	50	45	48	57	39	42	48	46	47	50	40	46	54	46	45	38	46	47	40	56	36	37	44	45	56	50	34	54	45	40	52	56	51	46	37	41	41	43	43	34	33	37	35	38
9	23088226	1959810	451774	190412	104318	65731	45216	33451	25929	20651	16916	14103	12267	10501	9480	8282	7518	6601	6323	5804	5231	4929	4616	4205	4086	3855	3533	3422	3409	3029	2887	2765	2586	2569	2452	2367	2248	2211	2075	2061	2029	1997	1964	1762	1726	1722	1648	1660	1534	1492	1480	1467	1369	1366	1342	1314	1207	1231	1240	1194	1154	1103	1169	1114	1088	1055	1075	990	959	990	968	962	907	927	877	884	843	869	859	869	776	840	826	773	757	816	731	732	726	714	727	695	671	622	660	605	689	598	634	633	627	621	616	592	559	627	589	572	626	566	564	532	531	522	512	549	513	519	504	497	497	470	464	471	505	481	466	483	458	458	455	438	458	418	414	457	438	424	370	408	408	369	418	396	375	379	374	344	369	341	405	366	371	347	364	378	335	382	342	323	336	352	362	337	304	320	350	333	328	343	312	311	304	364	293	307	290	321	289	296	308	309	292	298	291	285	277	296	274	276	297	292	243	283	287	255	257	262	249	251	267	265	229	251	216	273	263	248	253	244	260	233	220	206	288	224	255	252	247	232	236	232	247	242	215	232	198	220	233	207	184	239	197	219	224	190	192	234	181	187	199	194	182	215	210	180	176	207	202	191	204	215	190	205	200	185	163	174	186	184	184	191	184	176	160	166	222	204	193	218	188	153	176	182	182	175	180	199	164	192	180	177	179	195	181	181	174	157	162	191	163	187	191	152	156	169	157	160	177	170	172	155	152	145	149	162	161	164	147	168	157	139	158	150	136	186	128	147	154	134	149	140	127	126	160	145	150	169	161	144	139	152	158	133	145	124	133	130	144	128	125	141	138	132	133	135	128	140	138	148	141	123	154	123	123	128	115	137	150	112	124	138	125	137	157	126	121	122	133	114	101	115	122	110	119	128	141	122	110	110	98	133	117	127	121	146	114	102	104	85	122	129	125	108	100	115	84	107	113	141	125	108	120	120	117	138	104	105	94	115	110	117	97	126	98	106	112	95	99	121	104	118	101	101	108	106	88	107	105	116	113	102	110	98	120	99	111	102	102	105	134	138	113	117	98	100	88	94	96	110	104	94	97	87	87	110	114	117	92	72	96	89	91	90	97	117	98	114	93	106	92	87	103	109	86	101	110	83	85	99	103	97	107	104	133	97	86	97	100	91	114	82	102	89	104	89	97	73	77	80	107	104	90	79	80	97	104	95	96	86	73	94	95	91	84	85	103	88	90	94	89	97	79	93	94	80	84	70	73	83	94	67	80	83	79	86	89	68	80	68	71	90	100	69	68	88	58	82	95	82	75	86	73	84	97	80	100	77	77	78	78	87	65	80	85	88	66	77	91	87	50	61	68	88	69	58	85	83	70	65	71	68	67	87	79	78	80	74	83	79	68	71	71	80	59	69	59	76	82	78	72	67	69	78	94	78	64	82	89	79	85	83	71	64	81	81	82	73	71	69	60	69	58	65	51	68	60	72	66	76	58	77	68	65	63	69	72	62	69	76	62	77	77	67	61	55	64	60	73	50	69	76	55	57	71	64	71	60	47	68	82	68	87	74	74	57	76	74	61	58	62	69	73	64	58	65	56	58	67	59	69	67	65	80	67	68	60	64	55	69	69	70	50	67	61	48	68	50	63	55	56	59	63	58	56	58	59	48	56	56	63	75	55	55	50	64	60	59	75	62	62	53	56	57	58	49	58	58	63	60	69	70	42	61	58	66	72	62	56	56	64	61	62	66	63	52	47	43	55	45	44	55	58	59	59	58	61	55	58	51	62	44	65	54	56	52	47	46	64	41	50	58	64	46	54	50	47	62	58	52	58	58	50	52	55	51	53	62	49	60	68	53	56	65	47	54	49	49	64	60	45	62	49	52	53	50	62	60	46	41	50	49	49	53	54	48	44	60	62	66	46	62	59	50	61	48	52	51	43	40	63	54	59	45	57	52	40	64	51	48	64	53	51	43	42	52	51	59	46	61	41	45	44	45	48	63	59	57	51	50	46	42	70	55	60	50	53	37	47	49	48	51	48	44	47	59	41	52	59	57	55	56	45	42	46	55	39	45	49	38	43	43	51	35	45	54	43	44	55	38	46	48	41	48	47	50	41	40	46	41	50	51	54	37	43	60	51	32	48	47	35	49	35	41	58	41	50	44	39	51	50	52	53	63	37	48	43	56	50	37	56	44	50	55	41	50	59	55	70	54	49	40	55	57	58	50	29	53	43	37	57	48	45	45	50	43	38	40	65	49	53	34	52	43	35	53	51	35	43	44	36	44	33	45	51	32	39	38	40	40	41	54	40	30	47	40	28	38	26	53	39
1	23082190	1964534	452799	190685	104285	65807	45411	33490	25666	20657	16770	14237	12281	10619	9257	8191	7574	6651	6224	5742	5390	4907	4588	4358	4024	3717	3550	3405	3240	3170	3002	2806	2718	2605	2599	2393	2390	2227	2145	1941	1974	1938	1811	1801	1769	1714	1606	1585	1537	1456	1493	1408	1441	1342	1353	1255	1267	1275	1221	1188	1202	1069	1182	1096	1080	1073	997	1000	1035	938	992	962	939	969	901	814	876	825	845	792	865	804	803	802	756	756	741	699	764	719	718	647	705	647	632	680	622	647	640	645	641	606	610	613	574	581	597	593	540	604	583	532	530	482	543	577	478	507	490	523	472	480	475	470	481	450	522	462	480	441	429	444	467	407	442	403	422	413	454	410	413	415	385	374	403	390	413	346	405	387	418	368	394	358	344	346	356	331	332	334	325	303	343	316	326	356	315	347	322	319	319	317	315	307	309	329	306	290	282	278	288	291	301	284	293	259	282	282	277	296	293	276	289	272	249	283	273	268	263	245	269	306	247	276	265	236	261	253	225	227	223	273	233	234	239	240	249	229	235	249	207	249	206	233	220	209	213	205	234	202	202	210	215	217	212	203	200	219	206	242	223	219	193	200	196	211	188	189	191	216	191	195	182	179	173	230	184	179	198	207	202	177	207	190	161	188	166	161	158	178	161	186	149	172	180	183	179	202	173	166	175	186	182	169	162	156	187	177	189	186	174	178	151	160	153	169	158	165	154	164	151	156	184	145	162	176	161	148	166	145	145	143	139	155	170	125	107	169	166	163	156	129	139	157	156	174	140	175	161	157	125	170	176	142	147	141	139	134	131	137	134	162	149	133	133	147	133	134	145	150	111	129	134	121	127	126	140	124	97	137	134	150	108	116	126	117	139	122	122	135	129	100	124	126	117	131	118	120	130	116	129	127	114	106	102	106	107	118	132	115	117	120	95	123	108	107	102	99	143	130	118	108	122	111	116	123	111	105	116	120	108	88	111	117	92	108	105	103	98	105	107	94	116	116	99	114	123	106	93	100	102	92	94	96	99	110	111	102	98	125	107	104	80	122	90	100	121	118	109	115	117	91	96	88	81	91	96	109	112	102	95	98	82	86	93	111	95	88	114	94	106	94	85	95	108	110	106	94	107	111	101	102	90	98	89	102	90	99	106	90	101	82	92	100	82	100	96	107	87	95	96	93	85	115	87	90	94	83	90	87	85	114	93	82	84	94	84	82	63	80	89	69	100	92	80	79	81	95	80	80	74	80	79	73	86	81	75	73	83	67	99	75	88	86	69	80	83	87	86	67	86	91	82	98	62	99	88	61	75	84	61	77	86	73	67	79	90	104	75	94	69	86	80	87	85	76	75	86	79	79	63	77	73	81	83	70	76	47	74	83	73	89	77	75	81	84	74	69	74	74	88	90	85	89	61	71	79	57	83	72	75	78	77	48	55	70	77	63	65	67	75	74	63	72	55	67	62	62	78	86	74	74	72	62	65	65	68	59	68	85	60	63	62	66	65	59	41	56	67	76	74	72	59	54	66	60	61	66	84	74	58	48	62	66	64	65	60	76	72	68	68	66	61	75	66	66	61	72	72	63	58	55	68	55	66	60	78	74	55	75	58	59	64	76	64	68	57	58	56	69	68	54	84	64	51	68	81	66	63	58	52	53	49	53	51	74	62	60	50	56	59	68	66	53	70	58	50	60	68	48	46	63	52	55	67	69	62	65	64	64	51	48	52	61	57	64	55	61	63	69	68	59	59	54	57	56	49	39	49	51	46	52	60	82	51	45	48	47	62	58	53	57	66	57	70	63	51	53	53	41	50	50	60	49	63	40	62	56	45	82	52	44	49	52	54	62	59	55	47	48	59	51	50	42	53	38	47	50	51	48	57	54	69	49	72	44	51	48	56	52	54	50	39	40	52	50	42	51	50	42	60	59	54	43	47	62	41	61	46	43	53	45	49	41	54	38	51	42	52	65	48	53	46	49	49	49	43	49	42	45	34	60	53	60	51	60	52	46	38	38	43	57	47	48	37	59	60	64	52	54	58	50	42	46	51	49	53	50	61	46	53	50	49	52	49	56	49	45	45	38	46	41	39	53	50	39	59	55	59	46	37	64	49	43	38	47	48	48	44	42	53	52	41	38	38	48	62	46	54	40	47	42	31	48	54	48	38	51	48	51	49	57	60	49	43	34	43	53	47	44	45	53	58	54	46	43	43	42	36	47	34	43	38	59	43	47	58	58	53	50	30	42	44	40	51	47	47	30	48	53	41	38	29	49	41	40	40	32	46	38	48	42	44	41	37	48	39	43	45	38	50
2	23092001	1956892	451414	190016	104151	65807	45700	33270	25780	20470	16968	14338	12169	10636	9309	8260	7546	6675	6144	5692	5235	5037	4575	4266	4071	3817	3559	3374	3184	3015	2963	2875	2635	2633	2495	2395	2286	2258	2109	2075	1983	1893	1907	1781	1764	1713	1674	1569	1540	1430	1508	1445	1410	1359	1358	1392	1282	1240	1238	1114	1088	1152	1143	1012	1072	1080	1043	1044	930	999	905	949	961	929	921	954	851	883	883	847	801	773	844	781	728	747	778	712	675	728	750	730	731	674	662	655	624	658	633	626	615	622	629	593	570	585	570	567	577	565	623	559	518	576	511	508	488	545	540	511	492	478	455	480	459	470	422	457	459	463	450	424	447	426	421	404	405	404	442	437	409	353	381	406	412	392	374	356	402	377	348	370	384	358	334	341	383	396	353	362	358	343	308	315	329	376	309	335	279	345	306	298	312	286	338	309	315	277	320	279	292	299	310	285	279	315	247	276	278	276	297	295	304	252	279	299	250	281	248	253	264	267	238	277	272	238	253	242	248	246	226	239	219	234	244	224	245	224	254	207	212	243	228	217	245	228	214	196	217	196	216	220	221	194	216	215	209	206	197	210	207	233	214	179	200	213	206	220	223	212	202	184	184	179	194	178	196	170	169	174	186	192	170	201	179	174	175	176	184	174	176	157	191	173	184	190	158	179	182	166	154	180	169	172	179	181	190	167	162	161	186	165	166	165	168	154	173	187	179	171	161	165	134	139	137	174	158	176	166	164	137	152	149	146	127	167	158	160	153	144	137	169	148	135	141	159	132	146	157	138	134	148	153	133	153	153	143	139	147	138	154	133	132	127	153	117	147	138	125	163	134	120	134	135	146	145	130	134	121	123	135	148	136	156	132	121	123	131	110	96	116	107	118	113	99	117	100	101	111	122	131	116	120	126	111	123	116	132	120	110	105	131	115	109	105	109	117	137	111	131	115	105	125	115	111	129	112	119	123	119	102	95	108	111	106	110	122	117	113	116	117	105	116	101	92	120	117	127	113	102	98	114	92	94	102	106	106	101	106	102	94	109	107	102	110	98	91	86	86	88	130	104	109	109	96	69	108	109	112	97	104	102	100	114	112	85	89	117	109	87	79	97	99	98	106	118	108	86	84	98	115	95	102	90	92	87	111	98	80	108	101	112	89	78	98	71	82	93	76	96	93	97	79	96	96	90	72	98	86	83	96	85	77	81	82	97	87	86	91	77	84	92	83	89	94	88	88	87	77	92	71	82	93	82	63	86	81	83	86	93	92	65	98	87	87	89	71	81	79	67	82	98	80	94	83	87	82	64	75	88	76	90	73	83	76	81	64	80	69	95	80	73	73	91	71	90	79	85	72	87	61	69	77	86	90	86	56	70	81	63	81	66	81	64	70	74	63	73	65	74	74	71	73	79	82	68	60	76	65	77	85	75	74	77	81	84	57	82	95	69	74	57	70	70	71	74	68	64	73	56	74	59	51	59	71	69	67	57	59	52	72	71	55	74	63	58	76	65	65	70	73	71	75	75	62	79	76	65	69	65	58	59	64	54	74	51	53	74	71	68	85	63	75	74	65	59	60	66	63	67	65	46	66	64	67	62	55	69	61	66	64	71	76	84	62	55	57	60	55	56	57	44	73	80	68	69	61	55	64	63	80	57	57	62	57	60	56	64	63	64	46	64	61	67	65	48	69	63	58	53	53	51	69	64	55	67	52	53	66	49	55	68	55	65	44	55	42	64	82	70	43	52	57	53	65	47	56	53	73	48	57	53	42	52	57	46	58	54	52	53	50	52	52	52	54	44	56	58	66	52	58	43	57	56	66	58	62	53	40	58	54	53	56	49	51	37	49	52	43	58	51	54	47	51	58	59	43	49	54	51	52	41	47	54	60	43	56	50	48	43	61	49	58	48	42	59	47	53	57	42	50	43	51	51	55	63	32	48	36	57	47	49	52	52	40	33	47	47	56	48	53	54	44	49	39	56	40	60	43	56	59	47	59	57	68	46	61	58	38	40	50	56	49	47	49	58	43	37	48	56	51	57	44	46	38	54	48	55	41	41	53	45	50	51	55	39	60	49	49	54	49	41	61	62	50	47	35	51	59	39	34	44	43	61	55	41	61	51	53	52	50	54	50	47	44	45	34	40	51	46	62	55	36	55	43	42	53	38	49	50	45	53	32	47	42	46	46	47	53	40	39	45	42	39	45	52	38	41	43	38	33	35	36	45	50	40	52	33	42	43	42	40	52	54	57	42	49	40	49	64	24	49	56	48	44	38	29	52	35	44	48	52	47	41	36	47	53	43	31	55	48
6	23086683	1959314	453137	190187	104535	65853	45781	33469	25771	20397	17146	14225	12223	10554	9368	8256	7468	6709	6175	5705	5410	4988	4569	4275	4133	3765	3608	3421	3131	3169	2919	2959	2657	2540	2457	2403	2334	2187	2120	2053	1954	1957	1852	1819	1674	1735	1695	1577	1511	1518	1428	1467	1376	1403	1359	1375	1317	1219	1234	1138	1165	1136	1148	1075	1088	1063	998	1044	1021	974	942	901	886	905	880	916	892	890	829	875	794	848	840	819	790	711	774	770	711	654	721	717	681	643	614	665	620	690	675	612	630	623	573	636	560	551	577	578	562	536	537	555	539	506	520	538	509	577	521	457	456	504	486	505	470	479	464	471	460	472	412	465	443	439	434	416	471	426	410	433	406	433	428	392	366	386	393	361	376	369	379	363	383	362	344	316	355	347	352	368	339	331	373	334	333	336	328	305	304	336	300	314	322	273	314	310	280	290	299	300	312	303	257	289	271	283	279	288	291	292	288	265	247	264	271	259	252	280	294	291	236	284	239	281	278	228	238	232	225	260	251	256	252	222	242	242	232	236	248	222	228	197	239	250	220	204	217	235	210	222	216	211	203	212	216	226	202	220	172	196	206	200	190	218	204	203	183	201	190	208	194	177	188	195	202	218	182	175	215	180	206	180	195	193	201	176	200	191	166	217	203	170	160	176	172	177	167	192	177	165	167	165	174	174	191	178	170	192	180	163	138	180	150	210	173	170	142	155	183	153	177	175	164	156	143	122	136	163	142	144	150	149	146	160	138	150	140	145	158	148	135	150	155	140	156	164	144	156	145	129	149	137	145	131	155	142	154	135	109	138	138	139	148	125	136	149	134	147	148	149	136	131	123	125	138	138	122	125	116	118	129	116	129	113	125	118	105	140	111	123	125	125	112	121	133	115	129	122	103	120	126	121	126	127	119	102	122	126	122	104	110	111	101	118	113	120	120	110	134	125	113	102	118	123	119	108	126	143	121	121	121	129	111	126	127	99	108	104	107	94	96	108	97	102	111	118	118	110	126	82	98	113	107	113	106	93	109	83	102	97	108	109	85	102	102	103	102	104	86	99	93	86	120	116	76	97	98	91	116	92	81	106	101	123	117	98	103	104	81	98	81	92	90	109	102	81	111	92	122	88	95	95	86	93	99	96	97	118	98	95	90	97	86	93	95	95	88	103	83	100	107	79	102	75	89	89	93	73	101	107	109	100	100	111	84	100	73	81	76	77	76	95	89	65	83	81	89	85	69	83	84	87	86	91	77	88	84	87	69	80	68	91	75	79	81	73	96	85	92	65	90	67	82	96	91	78	83	73	66	98	73	98	82	74	81	87	73	90	70	69	72	73	60	65	82	62	79	79	86	60	68	63	72	74	74	61	74	66	89	75	67	79	79	70	72	72	86	83	79	68	87	80	62	67	82	72	71	71	68	87	83	67	76	71	92	65	69	74	65	86	68	85	76	84	73	71	70	67	72	78	91	61	70	69	50	54	64	53	64	71	65	74	74	61	64	72	79	57	60	65	59	63	77	73	62	49	67	57	72	69	56	63	67	73	56	67	59	71	74	62	67	66	45	53	68	54	81	52	56	64	70	56	66	59	47	67	59	60	58	66	64	70	70	60	51	66	70	71	76	60	59	57	63	52	52	58	63	65	55	52	63	58	65	53	56	57	65	64	72	62	51	59	69	71	67	54	80	61	66	66	72	70	60	60	53	59	49	48	54	54	59	56	67	56	63	53	55	52	58	65	47	60	48	48	62	61	54	68	60	62	68	44	59	67	62	53	55	42	55	41	61	48	48	58	47	45	50	56	54	49	50	42	53	67	57	48	57	30	53	52	54	52	55	59	64	63	49	51	46	49	57	49	52	62	55	49	58	54	60	54	63	62	46	52	50	52	58	42	45	51	53	49	43	52	46	55	61	67	46	49	43	47	54	42	46	58	60	42	49	53	50	43	42	48	41	50	56	60	47	44	62	68	57	70	50	51	42	49	51	57	48	51	46	43	48	50	53	50	52	45	49	39	44	46	57	52	42	48	41	48	55	43	44	38	47	53	48	53	40	42	46	43	33	43	58	46	64	35	42	52	49	44	36	39	50	50	45	53	46	45	56	48	46	44	52	51	50	50	53	49	62	60	44	47	65	53	54	46	54	48	44	50	48	41	34	32	36	60	42	45	37	45	45	49	46	45	60	48	37	45	46	57	65	52	47	42	37	57	37	53	54	39	46	53	46	49	35	40	34	52	50	43	40	48	31	56	39	43	47	48	44	49	33	39	51	55	36	55	54	47	59	41	39	48	49	43	47	36	47	49	37
8	23090544	1959301	451318	189567	104496	65954	45407	33285	25733	20503	16888	14018	12183	10465	9257	8355	7523	6743	6168	5709	5134	5056	4653	4220	3971	3688	3593	3290	3244	3001	3043	2869	2695	2572	2427	2406	2251	2208	2145	2097	1949	1899	1884	1848	1793	1685	1669	1604	1528	1470	1442	1474	1452	1425	1363	1281	1235	1286	1203	1215	1120	1145	1119	1059	1060	1064	1048	1063	1001	969	963	884	936	901	898	900	904	874	835	823	800	835	800	796	765	759	728	750	751	754	656	721	667	654	702	684	649	626	643	620	608	648	577	609	598	585	549	612	542	564	546	544	576	528	472	544	532	508	493	483	496	499	512	498	503	496	472	444	452	430	454	482	482	420	422	447	404	447	434	400	410	408	410	414	364	396	347	369	358	372	359	375	340	360	359	307	335	350	379	324	349	356	371	298	309	341	354	336	366	299	306	308	327	320	294	280	273	306	325	305	290	283	302	291	262	278	286	283	276	268	316	278	286	256	265	258	255	261	267	281	235	262	250	260	260	238	240	237	246	247	237	234	262	201	234	233	266	211	240	233	220	243	214	211	226	217	227	238	217	210	233	233	219	206	226	216	219	210	211	223	212	231	216	207	228	217	184	186	209	200	181	190	185	187	174	200	176	186	199	182	200	183	181	197	191	180	165	186	180	165	180	191	187	167	187	167	171	169	181	188	177	138	188	163	193	199	181	176	133	142	151	165	171	158	155	162	177	200	180	159	136	151	146	169	166	140	142	157	128	156	136	163	143	154	140	144	159	139	161	160	143	163	147	144	141	162	145	143	143	125	154	133	133	140	131	141	135	152	125	113	158	154	147	141	135	151	118	120	135	135	135	153	133	131	136	131	122	124	138	148	125	136	139	144	127	153	139	109	116	119	118	142	133	115	114	136	127	140	118	134	117	108	116	130	104	118	135	132	111	118	104	116	119	111	119	118	124	143	127	105	107	113	104	111	123	122	121	110	100	107	108	127	105	110	122	108	104	128	112	98	117	115	107	117	99	99	106	114	116	116	102	115	113	104	107	95	106	91	101	97	81	83	105	98	88	87	120	76	98	89	105	96	100	114	87	90	90	94	96	101	93	111	111	109	112	103	98	98	84	87	114	96	94	76	91	87	88	95	106	99	93	89	109	105	106	93	78	81	99	110	96	107	113	109	92	97	88	95	96	103	95	103	84	95	104	91	98	73	91	102	94	107	85	74	80	93	82	99	71	95	90	79	78	74	99	89	68	78	71	79	104	86	86	96	103	62	71	71	72	88	72	80	79	73	96	64	81	100	101	79	74	88	82	75	84	82	80	90	83	68	86	77	71	76	76	85	74	58	84	75	86	81	69	62	66	70	86	80	76	80	77	79	67	70	73	90	69	77	88	67	89	78	75	93	60	69	68	78	65	75	83	60	70	80	68	71	90	87	65	77	81	68	62	59	79	64	80	68	69	67	76	67	83	62	78	59	106	68	80	60	73	69	56	73	53	66	76	67	73	72	74	66	81	63	64	63	68	70	60	65	66	63	74	72	63	64	58	67	41	52	64	60	54	65	45	59	54	62	69	65	76	73	71	73	52	72	71	57	69	61	46	65	56	59	65	60	69	67	67	71	65	67	59	57	68	79	62	71	67	59	63	59	59	59	55	69	56	61	55	45	51	59	69	62	56	54	68	62	61	54	72	57	65	59	55	54	73	52	59	57	55	61	67	66	65	50	48	38	63	56	62	44	58	69	65	60	50	55	58	55	60	59	65	52	64	64	47	63	48	58	58	60	40	58	66	56	51	47	49	52	45	59	60	50	73	63	47	45	60	49	58	39	59	49	60	50	48	49	44	46	66	49	52	45	54	53	53	56	67	55	52	46	59	47	62	46	55	42	48	46	44	56	59	46	35	46	49	55	49	53	50	58	44	51	51	54	58	49	44	47	48	54	57	43	57	55	43	61	55	64	41	56	63	49	54	51	45	52	66	54	49	53	51	49	58	53	46	60	51	38	44	49	64	59	50	56	51	54	73	45	50	42	54	44	37	54	59	59	49	39	47	54	52	44	47	57	36	48	51	45	51	46	35	41	45	45	44	52	30	51	48	42	50	54	51	46	63	51	58	53	59	47	48	51	49	45	60	51	46	63	42	46	49	34	49	50	40	58	53	52	41	55	48	40	50	52	41	45	47	43	49	36	46	42	51	50	38	57	50	48	45	53	45	38	39	54	38	48	57	46	51	46	34	39	41	40	46	47	48	58	28	42	29	53	41	59	39	45	40	44	48	44	45	44	41	49	44	36	37	49	35	45	50	32	42	39	42	34	42	46	42
3	23084602	1963582	452034	190159	104762	65661	45013	33532	25971	20434	16995	13986	12110	10616	9412	8289	7523	6788	6084	5783	5188	4833	4638	4152	4070	3769	3710	3345	3332	3123	2924	2810	2744	2563	2421	2466	2184	2203	2143	2058	1971	1885	1824	1779	1804	1733	1625	1651	1611	1480	1436	1505	1388	1453	1304	1207	1317	1266	1231	1190	1187	1142	1117	1105	1099	1057	1043	999	995	972	964	970	904	956	880	827	857	861	846	819	821	844	776	755	781	713	783	743	743	730	704	652	650	715	654	654	640	701	619	636	590	597	632	598	608	561	565	603	510	562	551	550	569	551	517	526	493	501	525	501	517	528	533	463	487	479	469	458	467	428	430	430	458	440	420	425	458	418	378	390	394	414	382	373	370	397	364	391	361	371	377	368	365	365	364	377	327	368	335	354	333	354	335	335	353	369	358	311	326	318	344	305	304	314	315	313	299	313	313	304	264	298	290	285	311	265	319	282	294	269	277	283	282	286	303	234	261	255	239	275	285	266	231	243	276	267	227	248	272	206	240	232	248	255	238	240	245	210	187	245	220	207	233	218	201	229	220	208	212	210	224	201	225	211	220	212	217	238	197	213	232	195	175	191	203	180	206	187	204	192	186	201	197	208	198	177	199	182	195	186	180	197	193	183	178	161	168	189	172	189	198	199	194	217	165	181	190	157	210	175	170	179	173	168	145	178	176	168	168	170	157	172	152	141	147	152	152	171	180	150	179	144	167	180	170	150	158	180	152	172	160	154	179	157	144	134	140	182	133	138	139	140	138	148	139	143	165	154	130	153	136	161	136	139	128	107	106	138	134	147	165	125	154	125	138	151	119	131	140	157	149	123	110	149	114	125	135	129	130	125	143	102	134	135	133	141	132	130	129	150	117	145	128	141	140	132	145	116	124	123	127	114	100	108	105	100	103	111	99	112	122	123	114	121	111	133	119	117	110	145	121	116	90	111	113	94	88	96	112	105	107	98	103	109	119	115	100	113	115	101	114	111	104	103	139	100	108	102	111	97	111	135	107	109	98	103	97	108	96	108	104	97	98	97	84	104	98	97	103	96	125	95	93	101	112	114	97	80	110	116	102	103	107	100	106	109	81	114	102	91	103	105	105	103	110	93	91	89	103	109	92	95	113	104	84	103	93	78	102	84	98	76	89	93	109	96	88	105	96	83	94	80	88	95	89	90	88	106	91	84	93	83	87	69	86	71	83	75	104	66	83	98	78	91	86	80	89	83	89	96	84	67	90	80	75	80	74	65	85	73	86	81	79	71	76	90	73	77	85	75	79	84	75	88	86	73	73	77	73	67	67	76	83	93	78	69	78	83	77	69	86	80	73	80	73	62	85	73	78	79	80	83	83	81	67	80	69	82	70	92	86	77	80	90	83	92	57	80	80	79	64	81	73	68	81	69	76	64	79	76	70	59	80	77	78	72	60	88	70	60	72	67	64	63	53	71	74	63	72	69	65	63	85	78	56	66	52	73	67	53	63	69	65	83	60	67	65	67	72	74	71	65	69	47	56	74	72	67	74	79	59	65	61	71	56	69	63	56	61	72	71	53	58	72	51	55	67	68	62	71	73	61	60	78	63	59	70	58	59	69	64	49	67	55	57	64	62	53	56	51	77	64	53	75	62	65	59	64	67	53	58	77	66	72	69	53	68	64	71	59	71	70	71	55	71	59	61	54	56	47	52	47	56	61	78	62	60	60	53	63	60	69	65	70	48	61	63	45	60	63	65	59	53	70	72	49	52	56	55	53	45	54	63	42	70	65	53	62	54	62	44	60	63	55	50	59	52	46	59	53	63	50	59	50	45	56	62	56	51	47	46	53	53	58	52	60	50	44	66	39	63	46	38	47	39	43	43	70	45	53	49	51	56	56	61	39	49	41	47	62	45	63	53	53	49	56	55	43	64	51	47	52	47	68	55	46	45	53	62	44	47	54	51	52	59	48	46	50	49	39	56	57	62	37	50	43	44	54	56	55	52	45	43	38	34	48	53	48	48	36	41	38	46	53	52	52	43	65	55	39	36	46	47	45	46	42	48	53	56	43	53	48	38	56	51	56	50	34	44	38	41	56	56	49	51	64	59	61	51	41	57	56	51	59	54	53	54	30	39	40	37	48	38	56	50	39	49	40	47	55	50	45	53	50	39	31	46	36	34	50	40	52	54	43	49	70	46	38	50	48	42	52	42	42	44	55	32	52	39	45	48	44	54	53	37	48	53	38	35	38	38	40	45	42	51	43	41	39	43	43	42	42	39	43	36	36	47	45	65	45	43	42	47	42	46	52	49	37	35	45	32
