w,m,n,p,q,tc,pole,residue,multiplicity_pole,pole_2,res_2,remainder,k
0.01,0,0,[1.],[1.],"[1.0, 0.0, 0.0]",,,,,,,
0.01,0,1,[0.48975616 1.        ],[1.],"[1.0, 0.4897561593198209, 0.0]",,,,,,,
0.01,0,2,[0.25142334 0.48975616 1.        ],[1.],"[1.0, 0.4897561593198209, 0.251423336273295]",,,,,,,
0.01,1,0,[1.],[-0.48975616  1.        ],"[1.0, 0.4897561593198209, 0.2398610955917018]",2.0418324118451348,-2.0418324118451348,[1],,,0.0,[]
0.01,1,1,[-0.02360816  1.        ],[-0.51336432  1.        ],"[1.0, 0.4897561593198209, 0.251423336273295]",1.9479343746654458,-1.8583544398603933,[1],,,0.04598714205679423,[0.04598714]
0.01,2,0,[1.],[-0.01156224 -0.48975616  1.        ],"[1.0, 0.4897561593198209, 0.251423336273295]",1.9518884359774453,-1.8695342981823764,[1],-44.31012788168459,1.8695342981823764,0.04041186370574645,[]
0.0109749876549305,0,0,[1.],[1.],"[1.0, 0.0, 0.0]",,,,,,,
0.0109749876549305,0,1,[0.48235297 1.        ],[1.],"[1.0, 0.4823529723415525, 0.0]",,,,,,,
0.0109749876549305,0,2,[0.24397147 0.48235297 1.        ],[1.],"[1.0, 0.4823529723415525, 0.2439714748159314]",,,,,,,
0.0109749876549305,1,0,[1.],[-0.48235297  1.        ],"[1.0, 0.4823529723415525, 0.2326643899267305]",2.0731705977586543,-2.0731705977586543,[1],,,0.0,[]
0.0109749876549305,1,1,[-0.02344152  1.        ],[-0.50579449  1.        ],"[1.0, 0.4823529723415525, 0.24397147481593137]",1.9770875783960904,-1.8854576159212748,[1],,,0.04634592998108363,[0.04634593]
0.0109749876549305,2,0,[1.],[-0.01130708 -0.48235297  1.        ],"[1.0, 0.4823529723415525, 0.2439714748159314]",1.9811625310876184,-1.89697412795901,[1],-44.64051965701094,1.89697412795901,0.04068866756685291,[]
0.0120450354025878,0,0,[1.],[1.],"[1.0, 0.0, 0.0]",,,,,,,
0.0120450354025878,0,1,[0.47494983 1.        ],[1.],"[1.0, 0.4749498263189358, 0.0]",,,,,,,
0.0120450354025878,0,2,[0.23665013 0.47494983 1.        ],[1.],"[1.0, 0.4749498263189358, 0.2366501307009136]",,,,,,,
0.0120450354025878,1,0,[1.],[-0.47494983  1.        ],"[1.0, 0.4749498263189358, 0.22557733752038728]",2.1054855578123433,-2.1054855578123433,[1],,,0.0,[]
0.0120450354025878,1,1,[-0.02331361  1.        ],[-0.49826343  1.        ],"[1.0, 0.4749498263189358, 0.2366501307009136]",2.00697047963685,-1.9130648943129762,[1],,,0.046789719269246854,[0.04678972]
0.0120450354025878,2,0,[1.],[-0.01107279 -0.47494983  1.        ],"[1.0, 0.4749498263189358, 0.2366501307009136]",2.01118515171175,-1.9249696836338719,[1],-44.90459231425395,1.9249696836338719,0.041030326845383956,[]
0.0132194114846602,0,0,[1.],[1.],"[1.0, 0.0, 0.0]",,,,,,,
0.0132194114846602,0,1,[0.46754682 1.        ],[1.],"[1.0, 0.4675468209432909, 0.0]",,,,,,,
0.0132194114846602,0,2,[0.22944195 0.46754682 1.        ],[1.],"[1.0, 0.4675468209432909, 0.22944194936392]",,,,,,,
0.0132194114846602,1,0,[1.],[-0.46754682  1.        ],"[1.0, 0.4675468209432909, 0.21860002977417775]",2.13882322626527,-2.13882322626527,[1],,,0.0,[]
0.0132194114846602,1,1,[-0.02318895  1.        ],[-0.49073577  1.        ],"[1.0, 0.4675468209432909, 0.22944194936392]",2.037756488033104,-1.9414655000599834,[1],,,0.04725343216355701,[0.04725343]
0.0132194114846602,2,0,[1.],[-0.01084192 -0.46754682  1.        ],"[1.0, 0.4675468209432909, 0.22944194936392]",2.0421194655527066,-1.9537820698095008,[1],-45.16610844861485,1.9537820698095008,0.04138647342073087,[]
0.0145082877849593,0,0,[1.],[1.],"[1.0, 0.0, 0.0]",,,,,,,
0.0145082877849593,0,1,[0.46014385 1.        ],[1.],"[1.0, 0.460143845123951, 0.0]",,,,,,,
0.0145082877849593,0,2,[0.22236197 0.46014385 1.        ],[1.],"[1.0, 0.460143845123951, 0.222361965372879]",,,,,,,
0.0145082877849593,1,0,[1.],[-0.46014385  1.        ],"[1.0, 0.460143845123951, 0.2117323582054546]",2.173233458616893,-2.173233458616893,[1],,,0.0,[]
0.0145082877849593,1,1,[-0.02310062  1.        ],[-0.48324446  1.        ],"[1.0, 0.460143845123951, 0.222361965372879]",2.0693460068691842,-1.9704247047948298,[1],,,0.04780317150731956,[0.04780317]
0.0145082877849593,2,0,[1.],[-0.01062961 -0.46014385  1.        ],"[1.0, 0.460143845123951, 0.222361965372879]",2.073878360270448,-1.9832106554578521,[1],-45.36276362915533,1.9832106554578521,0.04180756841725716,[]
0.0159228279334109,0,0,[1.],[1.],"[1.0, 0.0, 0.0]",,,,,,,
0.0159228279334109,0,1,[0.45274095 1.        ],[1.],"[1.0, 0.4527409487660052, 0.0]",,,,,,,
0.0159228279334109,0,2,[0.21541754 0.45274095 1.        ],[1.],"[1.0, 0.4527409487660052, 0.2154175443507776]",,,,,,,
0.0159228279334109,1,0,[1.],[-0.45274095  1.        ],"[1.0, 0.4527409487660052, 0.20497436668954253]",2.2087686186230977,-2.2087686186230977,[1],,,0.0,[]
0.0159228279334109,1,1,[-0.02306656  1.        ],[-0.47580751  1.        ],"[1.0, 0.4527409487660052, 0.2154175443507776]",2.1016902320118334,-1.9998028739141938,[1],,,0.04847877034671691,[0.04847877]
0.0159228279334109,2,0,[1.],[-0.01044318 -0.45274095  1.        ],"[1.0, 0.4527409487660052, 0.2154175443507776]",2.106421966720393,-2.013140061426636,[1],-45.459217777766824,2.013140061426636,0.042323409760507975,[]
0.0174752840000768,0,0,[1.],[1.],"[1.0, 0.0, 0.0]",,,,,,,
0.0174752840000768,0,1,[0.44533812 1.        ],[1.],"[1.0, 0.4453381214298439, 0.0]",,,,,,,
0.0174752840000768,0,2,[0.20858454 0.44533812 1.        ],[1.],"[1.0, 0.4453381214298439, 0.2085845359486588]",,,,,,,
0.0174752840000768,1,0,[1.],[-0.44533812  1.        ],"[1.0, 0.4453381214298439, 0.19832604239866242]",2.245484839225771,-2.245484839225771,[1],,,0.0,[]
0.0174752840000768,1,1,[-0.02303529  1.        ],[-0.46837341  1.        ],"[1.0, 0.4453381214298439, 0.2085845359486588]",2.1350485998610167,-2.030043776799761,[1],,,0.04918146737647625,[0.04918147]
0.0174752840000768,2,0,[1.],[-0.01025849 -0.44533812  1.        ],"[1.0, 0.4453381214298439, 0.2085845359486588]",2.139993097679997,-2.043968492153679,[1],-45.551642114118735,2.043968492153679,0.04285800818270138,[]
0.0191791026167248,0,0,[1.],[1.],"[1.0, 0.0, 0.0]",,,,,,,
0.0191791026167248,0,1,[0.43793545 1.        ],[1.],"[1.0, 0.4379354492936189, 0.0]",,,,,,,
0.0191791026167248,0,2,[0.20188999 0.43793545 1.        ],[1.],"[1.0, 0.4379354492936189, 0.2018899894536098]",,,,,,,
0.0191791026167248,1,0,[1.],[-0.43793545  1.        ],"[1.0, 0.4379354492936189, 0.19178745774800385]",2.2834415474083682,-2.2834415474083682,[1],,,0.0,[]
0.0191791026167248,1,1,[-0.02306854  1.        ],[-0.46100399  1.        ],"[1.0, 0.4379354492936189, 0.2018899894536098]",2.169178622867022,-2.0606333905256617,[1],,,0.050039785196617316,[0.05003979]
0.0191791026167248,2,0,[1.],[-0.01010253 -0.43793545  1.        ],"[1.0, 0.4379354492936189, 0.2018899894536098]",2.174375582532227,-2.075253481684337,[1],-45.523455006911135,2.075253481684337,0.043508341072091415,[]
0.0210490414451202,0,0,[1.],[1.],"[1.0, 0.0, 0.0]",,,,,,,
0.0210490414451202,0,1,[0.43053288 1.        ],[1.],"[1.0, 0.4305328806500256, 0.0]",,,,,,,
0.0210490414451202,0,2,[0.19530659 0.43053288 1.        ],[1.],"[1.0, 0.4305328806500256, 0.195306589988238]",,,,,,,
0.0210490414451202,1,0,[1.],[-0.43053288  1.        ],"[1.0, 0.4305328806500256, 0.1853585613208092]",2.322702968679613,-2.322702968679613,[1],,,0.0,[]
0.0210490414451202,1,1,[-0.02310632  1.        ],[-0.4536392  1.       ],"[1.0, 0.4305328806500256, 0.195306589988238]",2.204395052291649,-2.0921132026323197,[1],,,0.05093544804621248,[0.05093545]
0.0210490414451202,2,0,[1.],[-0.00994803 -0.43053288  1.        ],"[1.0, 0.4305328806500256, 0.195306589988238]",2.209863366060917,-2.1074795658323704,[1],-45.488074059165235,2.1074795658323704,0.04418387208327758,[]
0.0231012970008316,0,0,[1.],[1.],"[1.0, 0.0, 0.0]",,,,,,,
0.0231012970008316,0,1,[0.4231305 1.       ],[1.],"[1.0, 0.4231304965701341, 0.0]",,,,,,,
0.0231012970008316,0,2,[0.18883782 0.4231305  1.        ],[1.],"[1.0, 0.4231304965701341, 0.1888378208473384]",,,,,,,
0.0231012970008316,1,0,[1.],[-0.4231305  1.       ],"[1.0, 0.4231304965701341, 0.17903941712768826]",2.3633370983796476,-2.3633370983796476,[1],,,0.0,[]
0.0231012970008316,1,1,[-0.02315693  1.        ],[-0.44628743  1.        ],"[1.0, 0.4231304965701341, 0.1888378208473384]",2.2407084273240168,-2.1244427042266696,[1],,,0.05188793047750465,[0.05188793]
0.0231012970008316,2,0,[1.],[-0.0097984 -0.4231305  1.       ],"[1.0, 0.4231304965701341, 0.1888378208473384]",2.2464724404909906,-2.140620877185398,[1],-45.43008771871935,2.140620877185398,0.04489881128246339,[]
0.0253536449397011,0,0,[1.],[1.],"[1.0, 0.0, 0.0]",,,,,,,
0.0253536449397011,0,1,[0.41572824 1.        ],[1.],"[1.0, 0.4157282422447028, 0.0]",,,,,,,
0.0253536449397011,0,2,[0.18247452 0.41572824 1.        ],[1.],"[1.0, 0.4157282422447028, 0.1824745218600782]",,,,,,,
0.0253536449397011,1,0,[1.],[-0.41572824  1.        ],"[1.0, 0.4157282422447028, 0.17282997139987027]",2.4054175261236828,-2.4054175261236828,[1],,,0.0,[]
0.0253536449397011,1,1,[-0.02319917  1.        ],[-0.43892741  1.        ],"[1.0, 0.4157282422447028, 0.1824745218600782]",2.278281033466601,-2.1578642423123147,[1],,,0.052854230617485225,[0.05285423]
0.0253536449397011,2,0,[1.],[-0.00964455 -0.41572824  1.        ],"[1.0, 0.4157282422447028, 0.1824745218600782]",2.284357540189398,-2.1748990984006396,[1],-45.389346617693796,2.1748990984006396,0.045620518414049106,[]
0.0278255940220712,0,0,[1.],[1.],"[1.0, 0.0, 0.0]",,,,,,,
0.0278255940220712,0,1,[0.40832622 1.        ],[1.],"[1.0, 0.4083262241139249, 0.0]",,,,,,,
0.0278255940220712,0,2,[0.17621923 0.40832622 1.        ],[1.],"[1.0, 0.4083262241139249, 0.1762192299469532]",,,,,,,
0.0278255940220712,1,0,[1.],[-0.40832622  1.        ],"[1.0, 0.4083262241139249, 0.1667303052991352]",2.449022230129886,-2.449022230129886,[1],,,0.0,[]
0.0278255940220712,1,1,[-0.02323859  1.        ],[-0.43156481  1.        ],"[1.0, 0.4083262241139249, 0.1762192299469532]",2.317149066176502,-2.192376912233205,[1],,,0.05384727109904175,[0.05384727]
0.0278255940220712,2,0,[1.],[-0.00948892 -0.40832622  1.        ],"[1.0, 0.4083262241139249, 0.1762192299469532]",2.3235588253492248,-2.2103239338884313,[1],-45.35543432957946,2.2103239338884313,0.0463584439945319,[]
0.0305385550883341,0,0,[1.],[1.],"[1.0, 0.0, 0.0]",,,,,,,
0.0305385550883341,0,1,[0.40092446 1.        ],[1.],"[1.0, 0.4009244581067744, 0.0]",,,,,,,
0.0305385550883341,0,2,[0.17006624 0.40092446 1.        ],[1.],"[1.0, 0.4009244581067744, 0.1700662397115664]",,,,,,,
0.0305385550883341,1,0,[1.],[-0.40092446  1.        ],"[1.0, 0.4009244581067744, 0.1607404211082107]",2.4942354595230993,-2.4942354595230993,[1],,,0.0,[]
0.0305385550883341,1,1,[-0.02326079  1.        ],[-0.42418525  1.        ],"[1.0, 0.4009244581067744, 0.1700662397115664]",2.3574605917479285,-2.2281859639294512,[1],,,0.05483638974538595,[0.05483639]
0.0305385550883341,2,0,[1.],[-0.00932582 -0.40092446  1.        ],"[1.0, 0.4009244581067744, 0.1700662397115664]",2.364218599837763,-2.2470849402004585,[1],-45.355024571820834,2.2470849402004585,0.04708970199123038,[]
0.0335160265093884,0,0,[1.],[1.],"[1.0, 0.0, 0.0]",,,,,,,
0.0335160265093884,0,1,[0.39352299 1.        ],[1.],"[1.0, 0.3935229887085454, 0.0]",,,,,,,
0.0335160265093884,0,2,[0.16401783 0.39352299 1.        ],[1.],"[1.0, 0.3935229887085454, 0.164017832347333]",,,,,,,
0.0335160265093884,1,0,[1.],[-0.39352299  1.        ],"[1.0, 0.3935229887085454, 0.15486034264210596]",2.541147604316019,-2.541147604316019,[1],,,0.0,[]
0.0335160265093884,1,1,[-0.02327053  1.        ],[-0.41679352  1.        ],"[1.0, 0.3935229887085454, 0.164017832347333]",2.3992695372000767,-2.2653128461956076,[1],,,0.055832281003657266,[0.05583228]
0.0335160265093884,2,0,[1.],[-0.00915749 -0.39352299  1.        ],"[1.0, 0.3935229887085454, 0.164017832347333]",2.4063941637851336,-2.2852125926399856,[1],-45.37919581311979,2.2852125926399856,0.04782221154420073,[]
0.0367837977182863,0,0,[1.],[1.],"[1.0, 0.0, 0.0]",,,,,,,
0.0367837977182863,0,1,[0.38612187 1.        ],[1.],"[1.0, 0.3861218670640604, 0.0]",,,,,,,
0.0367837977182863,0,2,[0.15807429 0.38612187 1.        ],[1.],"[1.0, 0.3861218670640604, 0.158074288018897]",,,,,,,
0.0367837977182863,1,0,[1.],[-0.38612187  1.        ],"[1.0, 0.3861218670640604, 0.1490900962250359]",2.589855911564037,-2.589855911564037,[1],,,0.0,[]
0.0367837977182863,1,1,[-0.02326776  1.        ],[-0.40938963  1.        ],"[1.0, 0.3861218670640604, 0.158074288018897]",2.442660801470138,-2.303831562364973,[1],,,0.05683525073215618,[0.05683525]
0.0367837977182863,2,0,[1.],[-0.00898419 -0.38612187  1.        ],"[1.0, 0.3861218670640604, 0.158074288018897]",2.450171603267789,-2.3247839928858878,[1],-45.42809058846776,2.3247839928858878,0.04855614816544401,[]
0.0403701725859655,0,0,[1.],[1.],"[1.0, 0.0, 0.0]",,,,,,,
0.0403701725859655,0,1,[0.37872116 1.        ],[1.],"[1.0, 0.3787211578652362, 0.0]",,,,,,,
0.0403701725859655,0,2,[0.152238   0.37872116 1.        ],[1.],"[1.0, 0.3787211578652362, 0.1522379956623566]",,,,,,,
0.0403701725859655,1,0,[1.],[-0.37872116  1.        ],"[1.0, 0.3787211578652362, 0.14342971541478516]",2.6404651000666806,-2.6404651000666806,[1],,,0.0,[]
0.0403701725859655,1,1,[-0.02325796  1.        ],[-0.40197911  1.        ],"[1.0, 0.3787211578652362, 0.1522379956623566]",2.4876914348320036,-2.343757042946801,[1],,,0.05785861938899291,[0.05785862]
0.0403701725859655,2,0,[1.],[-0.00880828 -0.37872116  1.        ],"[1.0, 0.3787211578652362, 0.1522379956623566]",2.4956126300184462,-2.365826476503884,[1],-45.491651268736234,2.365826476503884,0.04930113293175858,[]
0.0443062145758388,0,0,[1.],[1.],"[1.0, 0.0, 0.0]",,,,,,,
0.0443062145758388,0,1,[0.37132093 1.        ],[1.],"[1.0, 0.3713209333158868, 0.0]",,,,,,,
0.0443062145758388,0,2,[0.1465123  0.37132093 1.        ],[1.],"[1.0, 0.3713209333158868, 0.1465122971620654]",,,,,,,
0.0443062145758388,1,0,[1.],[-0.37132093  1.        ],"[1.0, 0.3713209333158868, 0.13787923551858125]",2.6930881355651692,-2.6930881355651692,[1],,,0.0,[]
0.0443062145758388,1,1,[-0.0232496  1.       ],[-0.39457053  1.        ],"[1.0, 0.3713209333158868, 0.1465122971620654]",2.534401142486682,-2.3850645904278336,[1],,,0.05892380237499555,[0.0589238]
0.0443062145758388,2,0,[1.],[-0.00863306 -0.37132093  1.        ],"[1.0, 0.3713209333158868, 0.1465122971620654]",2.542764370908624,-2.4083350563095993,[1],-45.554264653214986,2.4083350563095993,0.05007242869620225,[]
0.0486260158006535,0,0,[1.],[1.],"[1.0, 0.0, 0.0]",,,,,,,
0.0486260158006535,0,1,[0.36392128 1.        ],[1.],"[1.0, 0.3639212798579865, 0.0]",,,,,,,
0.0486260158006535,0,2,[0.14089732 0.36392128 1.        ],[1.],"[1.0, 0.3639212798579865, 0.1408973224860366]",,,,,,,
0.0486260158006535,1,0,[1.],[-0.36392128  1.        ],"[1.0, 0.3639212798579865, 0.13243869793347493]",2.7478470079854396,-2.7478470079854396,[1],,,0.0,[]
0.0486260158006535,1,1,[-0.02324301  1.        ],[-0.38716429  1.        ],"[1.0, 0.3639212798579865, 0.1408973224860366]",2.5828828641797106,-2.4278221715714,[1],,,0.06003396234445787,[0.06003396]
0.0486260158006535,2,0,[1.],[-0.00845862 -0.36392128  1.        ],"[1.0, 0.3639212798579865, 0.1408973224860366]",2.5917230733800025,-2.452386278479852,[1],-45.615417717419305,2.452386278479852,0.05087184674822922,[]
0.0533669923120631,0,0,[1.],[1.],"[1.0, 0.0, 0.0]",,,,,,,
0.0533669923120631,0,1,[0.3565223 1.       ],[1.],"[1.0, 0.3565222995831195, 0.0]",,,,,,,
0.0533669923120631,0,2,[0.13539454 0.3565223  1.        ],[1.],"[1.0, 0.3565222995831195, 0.1353945393545126]",,,,,,,
0.0533669923120631,1,0,[1.],[-0.3565223  1.       ],"[1.0, 0.3565222995831195, 0.1271081501000356]",2.804873639515108,-2.804873639515108,[1],,,0.0,[]
0.0533669923120631,1,1,[-0.02324227  1.        ],[-0.37976457  1.        ],"[1.0, 0.3565222995831195, 0.1353945393545126]",2.6332103294772713,-2.4720531226727487,[1],,,0.061201798048739486,[0.0612018]
0.0533669923120631,2,0,[1.],[-0.00828639 -0.3565223   1.        ],"[1.0, 0.3565222995831195, 0.1353945393545126]",2.6425688772004507,-2.4980202672315857,[1],-45.667617379537745,2.4980202672315857,0.051707941135978694,[]
0.0585702081805666,0,0,[1.],[1.],"[1.0, 0.0, 0.0]",,,,,,,
0.0585702081805666,0,1,[0.34912411 1.        ],[1.],"[1.0, 0.3491241126136038, 0.0]",,,,,,,
0.0585702081805666,0,2,[0.13000366 0.34912411 1.        ],[1.],"[1.0, 0.3491241126136038, 0.1300036609698804]",,,,,,,
0.0585702081805666,1,0,[1.],[-0.34912411  1.        ],"[1.0, 0.3491241126136038, 0.12188764600823632]",2.864310896528533,-2.864310896528533,[1],,,0.0,[]
0.0585702081805666,1,1,[-0.02324679  1.        ],[-0.3723709  1.       ],"[1.0, 0.3491241126136038, 0.1300036609698804]",2.6854944699941172,-2.517841396724632,[1],,,0.06242912623456357,[0.06242913]
0.0585702081805666,2,0,[1.],[-0.00811601 -0.34912411  1.        ],"[1.0, 0.3491241126136038, 0.1300036609698804]",2.695416666496949,-2.545331095786281,[1],-45.712108264966005,2.545331095786281,0.05258131043448408,[]
0.0642807311728432,0,0,[1.],[1.],"[1.0, 0.0, 0.0]",,,,,,,
0.0642807311728432,0,1,[0.34172686 1.        ],[1.],"[1.0, 0.3417268589482709, 0.0]",,,,,,,
0.0642807311728432,0,2,[0.12472474 0.34172686 1.        ],[1.],"[1.0, 0.3417268589482709, 0.1247247442062948]",,,,,,,
0.0642807311728432,1,0,[1.],[-0.34172686  1.        ],"[1.0, 0.3417268589482709, 0.11677724612665141]",2.9263137321944472,-2.9263137321944472,[1],,,0.0,[]
0.0642807311728432,1,1,[-0.02325687  1.        ],[-0.36498373  1.        ],"[1.0, 0.3417268589482709, 0.12472474420629479]",2.7398481441906544,-2.5652641993364247,[1],,,0.06372029969047849,[0.0637203]
0.0642807311728432,2,0,[1.],[-0.0079475  -0.34172686  1.        ],"[1.0, 0.3417268589482709, 0.1247247442062948]",2.750384452110222,-2.5944091933379627,[1],-45.748426794965944,2.5944091933379627,0.05349428422319054,[]
0.0705480231071864,0,0,[1.],[1.],"[1.0, 0.0, 0.0]",,,,,,,
0.0705480231071864,0,1,[0.3343307 1.       ],[1.],"[1.0, 0.3343307020481539, 0.0]",,,,,,,
0.0705480231071864,0,2,[0.11955839 0.3343307  1.        ],[1.],"[1.0, 0.3343307020481539, 0.1195583926552116]",,,,,,,
0.0705480231071864,1,0,[1.],[-0.3343307  1.       ],"[1.0, 0.3343307020481539, 0.11177701833201147]",2.9910504595416105,-2.9910504595416105,[1],,,0.0,[]
0.0705480231071864,1,1,[-0.02327448  1.        ],[-0.35760519  1.        ],"[1.0, 0.3343307020481539, 0.1195583926552116]",2.796380033414411,-2.6143795957481726,[1],,,0.06508430023511992,[0.0650843]
0.0705480231071864,2,0,[1.],[-0.00778137 -0.3343307   1.        ],"[1.0, 0.3343307020481539, 0.1195583926552116]",2.807588152866601,-2.645331253414213,[1],-45.77309632169329,2.645331253414213,0.05445232569334189,[]
0.0774263682681127,0,0,[1.],[1.],"[1.0, 0.0, 0.0]",,,,,,,
0.0774263682681127,0,1,[0.32693583 1.        ],[1.],"[1.0, 0.326935833748163, 0.0]",,,,,,,
0.0774263682681127,0,2,[0.11449593 0.32693583 1.        ],[1.],"[1.0, 0.326935833748163, 0.1144959306893804]",,,,,,,
0.0774263682681127,1,0,[1.],[-0.32693583  1.        ],"[1.0, 0.326935833748163, 0.10688703938860647]",3.058704176093144,-3.058704176093144,[1],,,0.0,[]
0.0774263682681127,1,1,[-0.02327335  1.        ],[-0.35020918  1.        ],"[1.0, 0.326935833748163, 0.1144959306893804]",2.855436274282249,-2.6656766549098925,[1],,,0.06645556095278471,[0.06645556]
0.0774263682681127,2,0,[1.],[-0.00760889 -0.32693583  1.        ],"[1.0, 0.326935833748163, 0.1144959306893804]",2.8673568698354153,-2.6985407707360443,[1],-45.83496158708367,2.6985407707360443,0.05540887695363229,[]
0.0849753435908644,0,0,[1.],[1.],"[1.0, 0.0, 0.0]",,,,,,,
0.0849753435908644,0,1,[0.31954248 1.        ],[1.],"[1.0, 0.319542478422072, 0.0]",,,,,,,
0.0849753435908644,0,2,[0.10954564 0.31954248 1.        ],[1.],"[1.0, 0.319542478422072, 0.109545643794132]",,,,,,,
0.0849753435908644,1,0,[1.],[-0.31954248  1.        ],"[1.0, 0.319542478422072, 0.10210739551612036]",3.1294743814283636,-3.1294743814283636,[1],,,0.0,[]
0.0849753435908644,1,1,[-0.02327781  1.        ],[-0.34282029  1.        ],"[1.0, 0.319542478422072, 0.109545643794132]",2.916980240881006,-2.718914644639657,[1],,,0.06790090432067084,[0.0679009]
0.0849753435908644,2,0,[1.],[-0.00743825 -0.31954248  1.        ],"[1.0, 0.319542478422072, 0.109545643794132]",2.92968033491423,-2.7538661277470613,[1],-45.88905282140118,2.7538661277470613,0.056410028480855995,[]
0.093260334688322,0,0,[1.],[1.],"[1.0, 0.0, 0.0]",,,,,,,
0.093260334688322,0,1,[0.3121509 1.       ],[1.],"[1.0, 0.3121508983638912, 0.0]",,,,,,,
0.093260334688322,0,2,[0.10470557 0.3121509  1.        ],[1.],"[1.0, 0.3121508983638912, 0.1047055667191622]",,,,,,,
0.093260334688322,1,0,[1.],[-0.3121509  1.       ],"[1.0, 0.3121508983638912, 0.09743818334938434]",3.2035787987201174,-3.2035787987201174,[1],,,0.0,[]
0.093260334688322,1,1,[-0.02328164  1.        ],[-0.33543253  1.        ],"[1.0, 0.3121508983638912, 0.1047055667191622]",2.9812254318925757,-2.774305123792759,[1],,,0.069407803209453,[0.0694078]
0.093260334688322,2,0,[1.],[-0.00726738 -0.3121509   1.        ],"[1.0, 0.3121508983638912, 0.1047055667191622]",2.9947735298237164,-2.8115220318129897,[1],-45.94708283856361,2.8115220318129897,0.05744616654199935,[]
0.1023531021899026,0,0,[1.],[1.],"[1.0, 0.0, 0.0]",,,,,,,
0.1023531021899026,0,1,[0.3047614 1.       ],[1.],"[1.0, 0.3047614005915244, 0.0]",,,,,,,
0.1023531021899026,0,2,[0.0999745 0.3047614 1.       ],[1.],"[1.0, 0.3047614005915244, 0.0999745001575856]",,,,,,,
0.1023531021899026,1,0,[1.],[-0.3047614  1.       ],"[1.0, 0.3047614005915244, 0.09287951129050762]",3.281255428210585,-3.281255428210585,[1],,,0.0,[]
0.1023531021899026,1,1,[-0.02328047  1.        ],[-0.32804187  1.        ],"[1.0, 0.3047614005915244, 0.0999745001575856]",3.0483913409033483,-2.8320531487432032,[1],,,0.0709679853952204,[0.07096799]
0.1023531021899026,2,0,[1.],[-0.00709499 -0.3047614   1.        ],"[1.0, 0.3047614005915244, 0.0999745001575856]",3.062858896642389,-2.8717205299141244,[1],-46.017316796593654,2.8717205299141244,0.05851080378894994,[]
0.1123324032978027,0,0,[1.],[1.],"[1.0, 0.0, 0.0]",,,,,,,
0.1123324032978027,0,1,[0.29737434 1.        ],[1.],"[1.0, 0.2973743427461334, 0.0]",,,,,,,
0.1123324032978027,0,2,[0.09535467 0.29737434 1.        ],[1.],"[1.0, 0.2973743427461334, 0.0953546668154718]",,,,,,,
0.1123324032978027,1,0,[1.],[-0.29737434  1.        ],"[1.0, 0.2973743427461334, 0.08843149972369482]",3.362764893451799,-3.362764893451799,[1],,,0.0,[]
0.1123324032978027,1,1,[-0.02328098  1.        ],[-0.32065533  1.        ],"[1.0, 0.2973743427461334, 0.0953546668154718]",3.118613411146468,-2.892188397446767,[1],,,0.07260438658104212,[0.07260439]
0.1123324032978027,2,0,[1.],[-0.00692317 -0.29737434  1.        ],"[1.0, 0.2973743427461334, 0.0953546668154718]",3.134087353151815,-2.934530935299016,[1],-46.087599640807106,2.934530935299016,0.05961865824832817,[]
0.1232846739442066,0,0,[1.],[1.],"[1.0, 0.0, 0.0]",,,,,,,
0.1232846739442066,0,1,[0.28999014 1.        ],[1.],"[1.0, 0.2899901420082654, 0.0]",,,,,,,
0.1232846739442066,0,2,[0.09084636 0.28999014 1.        ],[1.],"[1.0, 0.2899901420082654, 0.0908463634301058]",,,,,,,
0.1232846739442066,1,0,[1.],[-0.28999014  1.        ],"[1.0, 0.2899901420082654, 0.08409428246197392]",3.4483930835535013,-3.4483930835535013,[1],,,0.0,[]
0.1232846739442066,1,1,[-0.02328383  1.        ],[-0.31327397  1.        ],"[1.0, 0.2899901420082654, 0.0908463634301058]",3.192094114272106,-2.954844354307363,[1],,,0.07432417449848383,[0.07432417]
0.1232846739442066,2,0,[1.],[-0.00675208 -0.28999014  1.        ],"[1.0, 0.2899901420082654, 0.0908463634301058]",3.2086725648385244,-3.0001148210758335,[1],-46.156934497262924,3.0001148210758335,0.06077338048941075,[]
0.1353047774579807,0,0,[1.],[1.],"[1.0, 0.0, 0.0]",,,,,,,
0.1353047774579807,0,1,[0.28260928 1.        ],[1.],"[1.0, 0.2826092845046715, 0.0]",,,,,,,
0.1353047774579807,0,2,[0.08644901 0.28260928 1.        ],[1.],"[1.0, 0.2826092845046715, 0.0864490086223306]",,,,,,,
0.1353047774579807,1,0,[1.],[-0.28260928  1.        ],"[1.0, 0.2826092845046715, 0.07986800768824236]",3.538454165625511,-3.538454165625511,[1],,,0.0,[]
0.1353047774579807,1,1,[-0.02328657  1.        ],[-0.30589585  1.        ],"[1.0, 0.2826092845046715, 0.0864490086223306]",3.2690864708386123,-3.020224610407203,[1],,,0.0761258114923982,[0.07612581]
0.1353047774579807,2,0,[1.],[-0.006581   -0.28260928  1.        ],"[1.0, 0.2826092845046715, 0.0864490086223306]",3.286876391185336,-3.068697478598117,[1],-46.230083258215714,3.068697478598117,0.06197265543615086,[]
0.1484968262254465,0,0,[1.],[1.],"[1.0, 0.0, 0.0]",,,,,,,
0.1484968262254465,0,1,[0.27523234 1.        ],[1.],"[1.0, 0.2752323351390025, 0.0]",,,,,,,
0.1484968262254465,0,2,[0.0821624  0.27523234 1.        ],[1.],"[1.0, 0.2752323351390025, 0.0821623985581118]",,,,,,,
0.1484968262254465,1,0,[1.],[-0.27523234  1.        ],"[1.0, 0.2752323351390025, 0.0757528383060682]",3.6332940295512985,-3.6332940295512985,[1],,,0.0,[]
0.1484968262254465,1,1,[-0.02328782  1.        ],[-0.29852015  1.        ],"[1.0, 0.2752323351390025, 0.0821623985581118]",3.349857598720615,-3.0885322906530828,[1],,,0.07801087072099352,[0.07801087]
0.1484968262254465,2,0,[1.],[-0.00640956 -0.27523234  1.        ],"[1.0, 0.2752323351390025, 0.0821623985581118]",3.36897714374839,-3.1405096116330586,[1],-46.30988483725955,3.1405096116330586,0.06321621483265186,[]
0.1629750834620644,0,0,[1.],[1.],"[1.0, 0.0, 0.0]",,,,,,,
0.1629750834620644,0,1,[0.26785995 1.        ],[1.],"[1.0, 0.2678599505978332, 0.0]",,,,,,,
0.1629750834620644,0,2,[0.07798718 0.26785995 1.        ],[1.],"[1.0, 0.2678599505978332, 0.0779871804695046]",,,,,,,
0.1629750834620644,1,0,[1.],[-0.26785995  1.        ],"[1.0, 0.2678599505978332, 0.07174895313427364]",3.733294200077738,-3.733294200077738,[1],,,0.0,[]
0.1629750834620644,1,1,[-0.02328914  1.        ],[-0.29114909  1.        ],"[1.0, 0.2678599505978332, 0.0779871804695046]",3.434666428318622,-3.159926017503082,[1],,,0.07999042019053776,[0.07999042]
0.1629750834620644,2,0,[1.],[-0.00623823 -0.26785995  1.        ],"[1.0, 0.2678599505978332, 0.0779871804695046]",3.455250813948358,-3.21575223882472,[1],-46.39372294770169,3.21575223882472,0.06450989852269881,[]
0.1788649529057435,0,0,[1.],[1.],"[1.0, 0.0, 0.0]",,,,,,,
0.1788649529057435,0,1,[0.26049289 1.        ],[1.],"[1.0, 0.2604928906048563, 0.0]",,,,,,,
0.1788649529057435,0,2,[0.07392217 0.26049289 1.        ],[1.],"[1.0, 0.2604928906048563, 0.0739221674643252]",,,,,,,
0.1788649529057435,1,0,[1.],[-0.26049289  1.        ],"[1.0, 0.2604928906048563, 0.06785654605567364]",3.8388763611860246,-3.8388763611860246,[1],,,0.0,[]
0.1788649529057435,1,1,[-0.02328517  1.        ],[-0.28377806  1.        ],"[1.0, 0.2604928906048563, 0.0739221674643252]",3.5238805833252935,-3.234731519641997,[1],,,0.08205416070326714,[0.08205416]
0.1788649529057435,2,0,[1.],[-0.00606562 -0.26049289  1.        ],"[1.0, 0.2604928906048563, 0.0739221674643252]",3.546073746028958,-3.2947716307576305,[1],-46.49186166370349,3.2947716307576305,0.06584547511360336,[]
0.1963040650040271,0,0,[1.],[1.],"[1.0, 0.0, 0.0]",,,,,,,
0.1963040650040271,0,1,[0.25313204 1.        ],[1.],"[1.0, 0.2531320443570395, 0.0]",,,,,,,
0.1963040650040271,0,2,[0.06996866 0.25313204 1.        ],[1.],"[1.0, 0.2531320443570395, 0.0699686605322062]",,,,,,,
0.1963040650040271,1,0,[1.],[-0.25313204  1.        ],"[1.0, 0.2531320443570395, 0.06407583188037422]",3.950507343074719,-3.950507343074719,[1],,,0.0,[]
0.1963040650040271,1,1,[-0.02327966  1.        ],[-0.27641171  1.        ],"[1.0, 0.2531320443570395, 0.0699686605322062]",3.61779177179652,-3.3130978295794686,[1],,,0.08422097274707073,[0.08422097]
0.1963040650040271,2,0,[1.],[-0.00589283 -0.25313204  1.        ],"[1.0, 0.2531320443570395, 0.0699686605322062]",3.6417623703505173,-3.377778050959241,[1],-46.59771091610453,3.377778050959241,0.06723354824402421,[]
0.2154434690031884,0,0,[1.],[1.],"[1.0, 0.0, 0.0]",,,,,,,
0.2154434690031884,0,1,[0.24577843 1.        ],[1.],"[1.0, 0.2457784273466698, 0.0]",,,,,,,
0.2154434690031884,0,2,[0.06612668 0.24577843 1.        ],[1.],"[1.0, 0.2457784273466698, 0.0661266824034028]",,,,,,,
0.2154434690031884,1,0,[1.],[-0.24577843  1.        ],"[1.0, 0.2457784273466698, 0.06040703534900224]",4.0687053408048,-4.0687053408048,[1],,,0.0,[]
0.2154434690031884,1,1,[-0.02327156  1.        ],[-0.26904999  1.        ],"[1.0, 0.2457784273466698, 0.0661266824034028]",3.7167814626977616,-3.3952973450569846,[1],,,0.08649529730688914,[0.0864953]
0.2154434690031884,2,0,[1.],[-0.00571965 -0.24577843  1.        ],"[1.0, 0.2457784273466698, 0.0661266824034028]",3.742718673893413,-3.465093670014344,[1],-46.71362667031841,3.465093670014344,0.06867508231869686,[]
0.2364489412645408,0,0,[1.],[1.],"[1.0, 0.0, 0.0]",,,,,,,
0.2364489412645408,0,1,[0.23843322 1.        ],[1.],"[1.0, 0.2384332219564157, 0.0]",,,,,,,
0.2364489412645408,0,2,[0.06239651 0.23843322 1.        ],[1.],"[1.0, 0.2384332219564157, 0.0623965111249038]",,,,,,,
0.2364489412645408,1,0,[1.],[-0.23843322  1.        ],"[1.0, 0.2384332219564157, 0.05685040133251739]",4.194046415993131,-4.194046415993131,[1],,,0.0,[]
0.2364489412645408,1,1,[-0.02326064  1.        ],[-0.26169386  1.        ],"[1.0, 0.2384332219564157, 0.062396511124903804]",3.8212588758228154,-3.4816065316713845,[1],,,0.08888493430801513,[0.08888493]
0.2364489412645408,2,0,[1.],[-0.00554611 -0.23843322  1.        ],"[1.0, 0.2384332219564157, 0.0623965111249038]",3.849377106918382,-3.557056056608524,[1],-46.84045209135743,3.557056056608524,0.07017297380693316,[]
0.2595024211399737,0,0,[1.],[1.],"[1.0, 0.0, 0.0]",,,,,,,
0.2595024211399737,0,1,[0.23109779 1.        ],[1.],"[1.0, 0.2310977896426697, 0.0]",,,,,,,
0.2595024211399737,0,2,[0.05877869 0.23109779 1.        ],[1.],"[1.0, 0.2310977896426697, 0.058778687646918]",,,,,,,
0.2595024211399737,1,0,[1.],[-0.23109779  1.        ],"[1.0, 0.2310977896426697, 0.05340618837772761]",4.327172499339911,-4.327172499339911,[1],,,0.0,[]
0.2595024211399737,1,1,[-0.02324773  1.        ],[-0.25434552  1.        ],"[1.0, 0.2310977896426697, 0.058778687646918]",3.9316595673395756,-3.572297373356586,[1],,,0.09140216436036902,[0.09140216]
0.2595024211399737,2,0,[1.],[-0.0053725  -0.23109779  1.        ],"[1.0, 0.2310977896426697, 0.058778687646918]",3.9622048119997872,-3.654013524128941,[1],-46.97715522212708,3.654013524128941,0.07173261544080906,[]
0.2848035868435802,0,0,[1.],[1.],"[1.0, 0.0, 0.0]",,,,,,,
0.2848035868435802,0,1,[0.2237737 1.       ],[1.],"[1.0, 0.2237736981169569, 0.0]",,,,,,,
0.2848035868435802,0,2,[0.05527315 0.2237737  1.        ],[1.],"[1.0, 0.2237736981169569, 0.0552731471685046]",,,,,,,
0.2848035868435802,1,0,[1.],[-0.2237737  1.       ],"[1.0, 0.2237736981169569, 0.05007466796893897]",4.468800437294212,-4.468800437294212,[1],,,0.0,[]
0.2848035868435802,1,1,[-0.02323097  1.        ],[-0.24700466  1.        ],"[1.0, 0.2237736981169569, 0.0552731471685046]",4.048506545769231,-3.667741596682362,[1],,,0.09405071840251211,[0.09405072]
0.2848035868435802,2,0,[1.],[-0.00519848 -0.2237737   1.        ],"[1.0, 0.2237736981169569, 0.0552731471685046]",4.081755609675318,-3.7564111412787304,[1],-47.12774839457569,3.7564111412787304,0.07335378879996382,[]
0.3125715849688237,0,0,[1.],[1.],"[1.0, 0.0, 0.0]",,,,,,,
0.3125715849688237,0,1,[0.21646275 1.        ],[1.],"[1.0, 0.2164627486880633, 0.0]",,,,,,,
0.3125715849688237,0,2,[0.05188007 0.21646275 1.        ],[1.],"[1.0, 0.2164627486880633, 0.0518800689704766]",,,,,,,
0.3125715849688237,1,0,[1.],[-0.21646275  1.        ],"[1.0, 0.2164627486880633, 0.04685612156959165]",4.619732522389171,-4.619732522389171,[1],,,0.0,[]
0.3125715849688237,1,1,[-0.02320929  1.        ],[-0.23967204  1.        ],"[1.0, 0.2164627486880633, 0.0518800689704766]",4.172368174977674,-3.7683255693261115,[1],,,0.09683771630573437,[0.09683772]
0.3125715849688237,2,0,[1.],[-0.00502395 -0.21646275  1.        ],"[1.0, 0.2164627486880633, 0.0518800689704766]",4.208635332061383,-3.8647242360942116,[1],-47.29482462017657,3.8647242360942116,0.07503814772207901,[]
0.3430469286314919,0,0,[1.],[1.],"[1.0, 0.0, 0.0]",,,,,,,
0.3430469286314919,0,1,[0.20916701 1.        ],[1.],"[1.0, 0.2091670074307782, 0.0]",,,,,,,
0.3430469286314919,0,2,[0.04859988 0.20916701 1.        ],[1.],"[1.0, 0.2091670074307782, 0.048599880167839]",,,,,,,
0.3430469286314919,1,0,[1.],[-0.20916701  1.        ],"[1.0, 0.2091670074307782, 0.04375083699754723]",4.780868705266247,-4.780868705266247,[1],,,0.0,[]
0.3430469286314919,1,1,[-0.02318264  1.        ],[-0.23234965  1.        ],"[1.0, 0.2091670074307782, 0.048599880167839]",4.303858501470023,-3.8744418938491285,[1],,,0.09977479684200187,[0.0997748]
0.3430469286314919,2,0,[1.],[-0.00484904 -0.20916701  1.        ],"[1.0, 0.2091670074307782, 0.048599880167839]",4.343504346973128,-3.979455066628895,[1],-47.479232383436965,3.979455066628895,0.07678975132731096,[]
0.3764935806792469,0,0,[1.],[1.],"[1.0, 0.0, 0.0]",,,,,,,
0.3764935806792469,0,1,[0.20188884 1.        ],[1.],"[1.0, 0.2018888385801438, 0.0]",,,,,,,
0.3764935806792469,0,2,[0.04543264 0.20188884 1.        ],[1.],"[1.0, 0.2018888385801438, 0.045432636563187]",,,,,,,
0.3764935806792469,1,0,[1.],[-0.20188884  1.        ],"[1.0, 0.2018888385801438, 0.04075910314323936]",4.953220827029672,-4.953220827029672,[1],,,0.0,[]
0.3764935806792469,1,1,[-0.02314904  1.        ],[-0.22503788  1.        ],"[1.0, 0.2018888385801438, 0.045432636563187]",4.443696290867028,-3.9865851766005043,[1],,,0.10286731683396282,[0.10286732]
0.3764935806792469,2,0,[1.],[-0.00467353 -0.20188884  1.        ],"[1.0, 0.2018888385801438, 0.045432636563187]",4.487130185597837,-4.101212269906016,[1],-47.685460108400804,4.101212269906016,0.07860856144567878,[]
0.4132012400115338,0,0,[1.],[1.],"[1.0, 0.0, 0.0]",,,,,,,
0.4132012400115338,0,1,[0.19463094 1.        ],[1.],"[1.0, 0.1946309412126037, 0.0]",,,,,,,
0.4132012400115338,0,2,[0.04237883 0.19463094 1.        ],[1.],"[1.0, 0.1946309412126037, 0.042378833063126]",,,,,,,
0.4132012400115338,1,0,[1.],[-0.19463094  1.        ],"[1.0, 0.1946309412126037, 0.037881203277303994]",5.137929220142122,-5.137929220142122,[1],,,0.0,[]
0.4132012400115338,1,1,[-0.0231085  1.       ],[-0.21773944  1.        ],"[1.0, 0.1946309412126037, 0.042378833063126]",4.592645128351891,-4.105231577010887,[1],,,0.10612915601339235,[0.10612916]
0.4132012400115338,2,0,[1.],[-0.00449763 -0.19463094  1.        ],"[1.0, 0.1946309412126037, 0.042378833063126]",4.640339562449223,-4.230619530538877,[1],-47.914452924590265,4.230619530538877,0.08049921482578755,[]
0.4534878508128584,0,0,[1.],[1.],"[1.0, 0.0, 0.0]",,,,,,,
0.4534878508128584,0,1,[0.18739639 1.        ],[1.],"[1.0, 0.1873963888843918, 0.0]",,,,,,,
0.4534878508128584,0,2,[0.03943873 0.18739639 1.        ],[1.],"[1.0, 0.1873963888843918, 0.0394387264873402]",,,,,,,
0.4534878508128584,1,0,[1.],[-0.18739639  1.        ],"[1.0, 0.1873963888843918, 0.0351174065669102]",5.3362821234347155,-5.3362821234347155,[1],,,0.0,[]
0.4534878508128584,1,1,[-0.02305978  1.        ],[-0.21045617  1.        ],"[1.0, 0.1873963888843918, 0.0394387264873402]",4.751583166473337,-4.230949950858421,[1],,,0.1095704731190328,[0.10957047]
0.4534878508128584,2,0,[1.],[-0.00432132 -0.18739639  1.        ],"[1.0, 0.1873963888843918, 0.0394387264873402]",4.804080942390192,-4.368408313071801,[1],-48.1696248815079,4.368408313071801,0.08246370996950482,[]
0.4977023564332111,0,0,[1.],[1.],"[1.0, 0.0, 0.0]",,,,,,,
0.4977023564332111,0,1,[0.18018867 1.        ],[1.],"[1.0, 0.1801886718528174, 0.0]",,,,,,,
0.4977023564332111,0,2,[0.03661259 0.18018867 1.        ],[1.],"[1.0, 0.1801886718528174, 0.0366125876574242]",,,,,,,
0.4977023564332111,1,0,[1.],[-0.18018867  1.        ],"[1.0, 0.1801886718528174, 0.032467957464082306]",5.549738447580239,-5.549738447580239,[1],,,0.0,[]
0.4977023564332111,1,1,[-0.02300161  1.        ],[-0.20319029  1.        ],"[1.0, 0.1801886718528174, 0.0366125876574242]",4.9214951300028975,-4.3643704191506485,[1],,,0.11320232899466899,[0.11320233]
0.4977023564332111,2,0,[1.],[-0.00414463 -0.18018867  1.        ],"[1.0, 0.1801886718528174, 0.0366125876574242]",4.979421707999823,-4.5153985143103,[1],-48.45463263086573,4.5153985143103,0.08450413449211172,[]
0.5462277217684343,0,0,[1.],[1.],"[1.0, 0.0, 0.0]",,,,,,,
0.5462277217684343,0,1,[0.17301174 1.        ],[1.],"[1.0, 0.1730117415852518, 0.0]",,,,,,,
0.5462277217684343,0,2,[0.03390067 0.17301174 1.        ],[1.],"[1.0, 0.1730117415852518, 0.0339006688983978]",,,,,,,
0.5462277217684343,1,0,[1.],[-0.17301174  1.        ],"[1.0, 0.1730117415852518, 0.029933062726361943]",5.779954532780936,-5.779954532780936,[1],,,0.0,[]
0.5462277217684343,1,1,[-0.02293258  1.        ],[-0.19594432  1.        ],"[1.0, 0.1730117415852518, 0.0339006688983978]",5.103490497599845,-4.5061972566349,[1],,,0.11703622084646761,[0.11703622]
0.5462277217684343,2,0,[1.],[-0.00396761 -0.17301174  1.        ],"[1.0, 0.1730117415852518, 0.0339006688983978]",5.167568286880528,-4.6725152455610415,[1],-48.7736456250645,4.6725152455610415,0.08662235991182124,[]
0.5994842503189411,0,0,[1.],[1.],"[1.0, 0.0, 0.0]",,,,,,,
0.5994842503189411,0,1,[0.16587006 1.        ],[1.],"[1.0, 0.1658700588030826, 0.0]",,,,,,,
0.5994842503189411,0,2,[0.0313032  0.16587006 1.        ],[1.],"[1.0, 0.1658700588030826, 0.0313032040317896]",,,,,,,
0.5994842503189411,1,0,[1.],[-0.16587006  1.        ],"[1.0, 0.1658700588030826, 0.027512876407338075]",6.028815611545534,-6.028815611545534,[1],,,0.0,[]
0.5994842503189411,1,1,[-0.02285119  1.        ],[-0.18872125  1.        ],"[1.0, 0.1658700588030826, 0.0313032040317896]",5.298820486063829,-4.65721633445874,[1],,,0.12108433438961395,[0.12108433]
0.5994842503189411,2,0,[1.],[-0.00379033 -0.16587006  1.        ],"[1.0, 0.1658700588030826, 0.0313032040317896]",5.369886171446102,-4.840802592298846,[1],-49.13129026038277,4.840802592298846,0.08882014865043904,[]
0.6579332246575682,0,0,[1.],[1.],"[1.0, 0.0, 0.0]",,,,,,,
0.6579332246575682,0,1,[0.15876864 1.        ],[1.],"[1.0, 0.1587686382337253, 0.0]",,,,,,,
0.6579332246575682,0,2,[0.02882036 0.15876864 1.        ],[1.],"[1.0, 0.1587686382337253, 0.0288203606280774]",,,,,,,
0.6579332246575682,1,0,[1.],[-0.15876864  1.        ],"[1.0, 0.1587686382337253, 0.025207480486591542]",6.298473118651351,-6.298473118651351,[1],,,0.0,[]
0.6579332246575682,1,1,[-0.02275563  1.        ],[-0.18152427  1.        ],"[1.0, 0.1587686382337253, 0.0288203606280774]",5.5089053285145075,-4.818316653391346,[1],,,0.12535860283323852,[0.1253586]
0.6579332246575682,2,0,[1.],[-0.00361288 -0.15876864  1.        ],"[1.0, 0.1587686382337253, 0.0288203606280774]",5.587929595093336,-5.021449675502196,[1],-49.53310131851206,5.021449675502196,0.09109861684866934,[]
0.7220809018385468,0,0,[1.],[1.],"[1.0, 0.0, 0.0]",,,,,,,
0.7220809018385468,0,1,[0.1517131 1.       ],[1.],"[1.0, 0.1517130994659316, 0.0]",,,,,,,
0.7220809018385468,0,2,[0.02645226 0.1517131  1.        ],[1.],"[1.0, 0.1517130994659316, 0.0264522638622798]",,,,,,,
0.7220809018385468,1,0,[1.],[-0.1517131  1.       ],"[1.0, 0.1517130994659316, 0.023016864549559653]",6.591388637634143,-6.591388637634143,[1],,,0.0,[]
0.7220809018385468,1,1,[-0.02264405  1.        ],[-0.17435715  1.        ],"[1.0, 0.1517130994659316, 0.026452263862279803]",5.735354079930764,-4.990494147828805,[1],,,0.12987165599912734,[0.12987166]
0.7220809018385468,2,0,[1.],[-0.0034354 -0.1517131  1.       ],"[1.0, 0.1517130994659316, 0.0264522638622798]",5.823466333712368,-5.215804866584601,[1],-49.9851737964193,5.215804866584601,0.09345873424657293,[]
0.7924828983539177,0,0,[1.],[1.],"[1.0, 0.0, 0.0]",,,,,,,
0.7924828983539177,0,1,[0.14470971 1.        ],[1.],"[1.0, 0.1447097121125911, 0.0]",,,,,,,
0.7924828983539177,0,2,[0.02419897 0.14470971 1.        ],[1.],"[1.0, 0.1447097121125911, 0.0241989717441932]",,,,,,,
0.7924828983539177,1,0,[1.],[-0.14470971  1.        ],"[1.0, 0.1447097121125911, 0.020940900779708994]",6.910386216662169,-6.910386216662169,[1],,,0.0,[]
0.7924828983539177,1,1,[-0.02251453  1.        ],[-0.16722424  1.        ],"[1.0, 0.1447097121125911, 0.0241989717441932]",5.979994259355905,-5.174867253541498,[1],,,0.1346367522936596,[0.13463675]
0.7924828983539177,2,0,[1.],[-0.00325807 -0.14470971  1.        ],"[1.0, 0.1447097121125911, 0.0241989717441932]",6.078512371577057,-5.425401339576918,[1],-50.49427669655715,5.425401339576918,0.09590125268603536,[]
0.8697490026177834,0,0,[1.],[1.],"[1.0, 0.0, 0.0]",,,,,,,
0.8697490026177834,0,1,[0.13776544 1.        ],[1.],"[1.0, 0.1377654398991385, 0.0]",,,,,,,
0.8697490026177834,0,2,[0.02206042 0.13776544 1.        ],[1.],"[1.0, 0.1377654398991385, 0.0220604153173256]",,,,,,,
0.8697490026177834,1,0,[1.],[-0.13776544  1.        ],"[1.0, 0.1377654398991385, 0.018979316430603143]",7.258714527621186,-7.258714527621186,[1],,,0.0,[]
0.8697490026177834,1,1,[-0.02236482  1.        ],[-0.16013026  1.        ],"[1.0, 0.1377654398991385, 0.0220604153173256]",6.2449159690543805,-5.372711009938436,[1],,,0.13966640439006844,[0.1396664]
0.8697490026177834,2,0,[1.],[-0.0030811  -0.13776544  1.        ],"[1.0, 0.1377654398991385, 0.0220604153173256]",6.355380341216013,-5.6519990541180904,[1],-51.0684664718879,5.6519990541180904,0.09842599142675905,[]
0.9545484566618342,0,0,[1.],[1.],"[1.0, 0.0, 0.0]",,,,,,,
0.9545484566618342,0,1,[0.13088798 1.        ],[1.],"[1.0, 0.1308879794969693, 0.0]",,,,,,,
0.9545484566618342,0,2,[0.02003642 0.13088798 1.        ],[1.],"[1.0, 0.1308879794969693, 0.0200364164598414]",,,,,,,
0.9545484566618342,1,0,[1.],[-0.13088798  1.        ],"[1.0, 0.1308879794969693, 0.017131663176799053]",7.6401209938698385,-7.6401209938698385,[1],,,0.0,[]
0.9545484566618342,1,1,[-0.02219267  1.        ],[-0.15308065  1.        ],"[1.0, 0.1308879794969693, 0.0200364164598414]",6.532504440567281,-5.585463149113873,[1],,,0.14497369271916893,[0.14497369]
0.9545484566618342,2,0,[1.],[-0.00290475 -0.13088798  1.        ],"[1.0, 0.1308879794969693, 0.0200364164598414]",6.656721006486884,-5.897608879546823,[1],-51.71665097061843,5.897608879546823,0.10103252013366523,[]
1.0476157527896652,0,0,[1.],[1.],"[1.0, 0.0, 0.0]",,,,,,,
1.0476157527896652,0,1,[0.12408579 1.        ],[1.],"[1.0, 0.1240857919613327, 0.0]",,,,,,,
1.0476157527896652,0,2,[0.01812661 0.12408579 1.        ],[1.],"[1.0, 0.1240857919613327, 0.0181266122176872]",,,,,,,
1.0476157527896652,1,0,[1.],[-0.12408579  1.        ],"[1.0, 0.1240857919613327, 0.015397283766671137]",8.058940384662392,-8.058940384662392,[1],,,0.0,[]
1.0476157527896652,1,1,[-0.0219955  1.       ],[-0.14608129  1.        ],"[1.0, 0.1240857919613327, 0.0181266122176872]",6.84550375277819,-5.81477457240967,[1],,,0.15057024546224335,[0.15057025]
1.0476157527896652,2,0,[1.],[-0.00272933 -0.12408579  1.        ],"[1.0, 0.1240857919613327, 0.0181266122176872]",6.985592998530803,-6.164553607992601,[1],-52.44944763835572,6.164553607992601,0.10371917882002356,[]
1.149756995397737,0,0,[1.],[1.],"[1.0, 0.0, 0.0]",,,,,,,
1.149756995397737,0,1,[0.11736812 1.        ],[1.],"[1.0, 0.1173681238264105, 0.0]",,,,,,,
1.149756995397737,0,2,[0.01633047 0.11736812 1.        ],[1.],"[1.0, 0.1173681238264105, 0.016330466653833]",,,,,,,
1.149756995397737,1,0,[1.],[-0.11736812  1.        ],"[1.0, 0.1173681238264105, 0.013775276490531629]",8.520200948930711,-8.520200948930711,[1],,,0.0,[]
1.149756995397737,1,1,[-0.02177073  1.        ],[-0.13913886  1.        ],"[1.0, 0.1173681238264105, 0.016330466653833]",7.187064908452109,-6.062521565854184,[1],,,0.15646767587634322,[0.15646768]
1.149756995397737,2,0,[1.],[-0.00255519 -0.11736812  1.        ],"[1.0, 0.1173681238264105, 0.016330466653833]",7.345523626660337,-6.455505229000748,[1],-53.27874828919107,6.455505229000748,0.10648383931045328,[]
1.261856883066021,0,0,[1.],[1.],"[1.0, 0.0, 0.0]",,,,,,,
1.261856883066021,0,1,[0.11074501 1.        ],[1.],"[1.0, 0.1107450145859144, 0.0]",,,,,,,
1.261856883066021,0,2,[0.01464722 0.11074501 1.        ],[1.],"[1.0, 0.1107450145859144, 0.0146472182693814]",,,,,,,
1.261856883066021,1,0,[1.],[-0.11074501  1.        ],"[1.0, 0.1107450145859144, 0.012264458255634395]",9.029751846971083,-9.029751846971083,[1],,,0.0,[]
1.261856883066021,1,1,[-0.02151573  1.        ],[-0.13226075  1.        ],"[1.0, 0.1107450145859144, 0.014647218269381397]",7.560822304219785,-6.3308532598449005,[1],,,0.16267662363767288,[0.16267662]
1.261856883066021,2,0,[1.],[-0.00238276 -0.11074501  1.        ],"[1.0, 0.1107450145859144, 0.0146472182693814]",7.740597116931152,-6.773554018696637,[1],-54.21821716552452,6.773554018696637,0.10932349330988801,[]
1.384886371393873,0,0,[1.],[1.],"[1.0, 0.0, 0.0]",,,,,,,
1.384886371393873,0,1,[0.10422729 1.        ],[1.],"[1.0, 0.1042272868795914, 0.0]",,,,,,,
1.384886371393873,0,2,[0.01307584 0.10422729 1.        ],[1.],"[1.0, 0.1042272868795914, 0.0130758423049338]",,,,,,,
1.384886371393873,1,0,[1.],[-0.10422729  1.        ],"[1.0, 0.1042272868795914, 0.010863327330280646]",9.594416490522777,-9.594416490522777,[1],,,0.0,[]
1.384886371393873,1,1,[-0.02122779  1.        ],[-0.12545508  1.        ],"[1.0, 0.1042272868795914, 0.013075842304933801]",7.970980717644795,-6.622240514973014,[1],,,0.16920630603034453,[0.16920631]
1.384886371393873,2,0,[1.],[-0.00221251 -0.10422729  1.        ],"[1.0, 0.1042272868795914, 0.0130758423049338]",8.175556762350276,-7.122285418279565,[1],-55.28361617601849,7.122285418279565,0.11223413556298147,[]
1.5199110829529348,0,0,[1.],[1.],"[1.0, 0.0, 0.0]",,,,,,,
1.5199110829529348,0,1,[0.09782652 1.        ],[1.],"[1.0, 0.0978265154893023, 0.0]",,,,,,,
1.5199110829529348,0,2,[0.01161502 0.09782652 1.        ],[1.],"[1.0, 0.0978265154893023, 0.0116150169624744]",,,,,,,
1.5199110829529348,1,0,[1.],[-0.09782652  1.        ],"[1.0, 0.0978265154893023, 0.009570027132778701]",10.222177443388075,-10.222177443388075,[1],,,0.0,[]
1.5199110829529348,1,1,[-0.02090425  1.        ],[-0.11873076  1.        ],"[1.0, 0.0978265154893023, 0.0116150169624744]",8.422416928477897,-6.939529988593057,[1],,,0.1760642998888952,[0.1760643]
1.5199110829529348,2,0,[1.],[-0.00204499 -0.09782652  1.        ],"[1.0, 0.0978265154893023, 0.0116150169624744]",8.655925593115212,-7.505869114994651,[1],-56.493090389117754,7.505869114994651,0.11521078257024794,[]
1.6681005372000592,0,0,[1.],[1.],"[1.0, 0.0, 0.0]",,,,,,,
1.6681005372000592,0,1,[0.09155497 1.        ],[1.],"[1.0, 0.0915549711079691, 0.0]",,,,,,,
1.6681005372000592,0,2,[0.01026308 0.09155497 1.        ],[1.],"[1.0, 0.0915549711079691, 0.0102630812342116]",,,,,,,
1.6681005372000592,1,0,[1.],[-0.09155497  1.        ],"[1.0, 0.0915549711079691, 0.008382312734581057]",10.922399820548447,-10.922399820548447,[1],,,0.0,[]
1.6681005372000592,1,1,[-0.02054251  1.        ],[-0.11209748  1.        ],"[1.0, 0.0915549711079691, 0.0102630812342116]",8.920807408478264,-7.286018285967186,[1],,,0.18325573545701565,[0.18325574]
1.6681005372000592,2,0,[1.],[-0.00188077 -0.09155497  1.        ],"[1.0, 0.0915549711079691, 0.0102630812342116]",9.188156066349238,-7.929172815650294,[1],-57.86770973069129,7.929172815650294,0.11824726623692694,[]
1.8307382802953696,0,0,[1.],[1.],"[1.0, 0.0, 0.0]",,,,,,,
1.8307382802953696,0,1,[0.08542554 1.        ],[1.],"[1.0, 0.0854255350117286, 0.0]",,,,,,,
1.8307382802953696,0,2,[0.00901801 0.08542554 1.        ],[1.],"[1.0, 0.0854255350117286, 0.0090180071006132]",,,,,,,
1.8307382802953696,1,0,[1.],[-0.08542554  1.        ],"[1.0, 0.0854255350117286, 0.007297522032040069]",11.706101692692984,-11.706101692692984,[1],,,0.0,[]
1.8307382802953696,1,1,[-0.02014017  1.        ],[-0.10556571  1.        ],"[1.0, 0.0854255350117286, 0.0090180071006132]",9.472773092618201,-7.665526271674499,[1],,,0.19078329051838328,[0.19078329]
1.8307382802953696,2,0,[1.],[-0.00172049 -0.08542554  1.        ],"[1.0, 0.0854255350117286, 0.0090180071006132]",9.779803687749606,-8.397888782795908,[1],-59.43180972496302,8.397888782795908,0.12133641117017226,[]
2.009233002565048,0,0,[1.],[1.],"[1.0, 0.0, 0.0]",,,,,,,
2.009233002565048,0,1,[0.07945158 1.        ],[1.],"[1.0, 0.0794515811344389, 0.0]",,,,,,,
2.009233002565048,0,2,[0.00787736 0.07945158 1.        ],[1.],"[1.0, 0.0794515811344389, 0.0078773632573212]",,,,,,,
2.009233002565048,1,0,[1.],[-0.07945158  1.        ],"[1.0, 0.0794515811344389, 0.006312553744762327]",12.586281930726011,-12.586281930726011,[1],,,0.0,[]
2.009233002565048,1,1,[-0.01969513  1.        ],[-0.09914671  1.        ],"[1.0, 0.0794515811344389, 0.0078773632573212]",10.086062879047354,-8.082503233282413,[1],,,0.19864635683831675,[0.19864636]
2.009233002565048,2,0,[1.],[-0.00156481 -0.07945158  1.        ],"[1.0, 0.0794515811344389, 0.0078773632573212]",10.43974377449638,-8.918697008096354,[1],-61.21370731240637,8.918697008096354,0.12446988767197797,[]
2.205130739903045,0,0,[1.],[1.],"[1.0, 0.0, 0.0]",,,,,,,
2.205130739903045,0,1,[0.07364682 1.        ],[1.],"[1.0, 0.0736468227788558, 0.0]",,,,,,,
2.205130739903045,0,2,[0.00683829 0.07364682 1.        ],[1.],"[1.0, 0.0736468227788558, 0.0068382924184744]",,,,,,,
2.205130739903045,1,0,[1.],[-0.07364682  1.        ],"[1.0, 0.0736468227788558, 0.005423854505420193]",13.578318279972054,-13.578318279972054,[1],,,0.0,[]
2.205130739903045,1,1,[-0.01920569  1.        ],[-0.09285251  1.        ],"[1.0, 0.0736468227788558, 0.0068382924184744]",10.769767987676396,-8.542140500525814,[1],,,0.20684080564220197,[0.20684081]
2.205130739903045,2,0,[1.],[-0.00141444 -0.07364682  1.        ],"[1.0, 0.0736468227788558, 0.0068382924184744]",11.178428176863841,-9.499454007371261,[1],-63.24633592958352,9.499454007371261,0.127638348893985,[]
2.420128264794384,0,0,[1.],[1.],"[1.0, 0.0, 0.0]",,,,,,,
2.420128264794384,0,1,[0.06802512 1.        ],[1.],"[1.0, 0.0680251224382491, 0.0]",,,,,,,
2.420128264794384,0,2,[0.00589749 0.06802512 1.        ],[1.],"[1.0, 0.0680251224382491, 0.005897487011777]",,,,,,,
2.420128264794384,1,0,[1.],[-0.06802512  1.        ],"[1.0, 0.0680251224382491, 0.004627417282738781]",14.700451306173923,-14.700451306173923,[1],,,0.0,[]
2.420128264794384,1,1,[-0.0186706  1.       ],[-0.08669572  1.        ],"[1.0, 0.0680251224382491, 0.005897487011777]",11.534594701506958,-9.05052995700582,[1],,,0.21535778315440984,[0.21535778]
2.420128264794384,2,0,[1.],[-0.00127007 -0.06802512  1.        ],"[1.0, 0.0680251224382491, 0.005897487011777]",12.008206583263268,-10.149436053878407,[1],-65.56835441055007,10.149436053878407,0.13083121917054064,[]
2.656087782946687,0,0,[1.],[1.],"[1.0, 0.0, 0.0]",,,,,,,
2.656087782946687,0,1,[0.06260026 1.        ],[1.],"[1.0, 0.0626002647713946, 0.0]",,,,,,,
2.656087782946687,0,2,[0.00505119 0.06260026 1.        ],[1.],"[1.0, 0.0626002647713946, 0.0050511875534064]",,,,,,,
2.656087782946687,1,0,[1.],[-0.06260026  1.        ],"[1.0, 0.0626002647713946, 0.003918793149448708]",15.974373329758714,-15.974373329758714,[1],,,0.0,[]
2.656087782946687,1,1,[-0.01808929  1.        ],[-0.08068956  1.        ],"[1.0, 0.0626002647713946, 0.0050511875534064]",12.393177665552823,-9.614828042351583,[1],,,0.2241837967774592,[0.2241838]
2.656087782946687,2,0,[1.],[-0.00113239 -0.06260026  1.        ],"[1.0, 0.0626002647713946, 0.0050511875534064]",12.943703353085926,-10.87961475793491,[1],-68.22502985258834,10.87961475793491,0.13403701558784892,[]
2.9150530628251787,0,0,[1.],[1.],"[1.0, 0.0, 0.0]",,,,,,,
2.9150530628251787,0,1,[0.05738569 1.        ],[1.],"[1.0, 0.0573856948784494, 0.0]",,,,,,,
2.9150530628251787,0,2,[0.00429518 0.05738569 1.        ],[1.],"[1.0, 0.0573856948784494, 0.0042951841787212]",,,,,,,
2.9150530628251787,1,0,[1.],[-0.05738569  1.        ],"[1.0, 0.0573856948784494, 0.0032931179766824935]",17.425945649314418,-17.425945649314418,[1],,,0.0,[]
2.9150530628251787,1,1,[-0.01746195  1.        ],[-0.07484765  1.        ],"[1.0, 0.0573856948784494, 0.0042951841787212]",13.360473611991832,-10.24347594839152,[1],,,0.23329993787066194,[0.23329994]
2.9150530628251787,2,0,[1.],[-0.00100207 -0.05738569  1.        ],"[1.0, 0.0573856948784494, 0.0042951841787212]",14.002285612789372,-11.703006365265015,[1],-71.2696545368166,11.703006365265015,0.1372433457563249,[]
3.1992671377973845,0,0,[1.],[1.],"[1.0, 0.0, 0.0]",,,,,,,
3.1992671377973845,0,1,[0.05239423 1.        ],[1.],"[1.0, 0.0523942265436215, 0.0]",,,,,,,
3.1992671377973845,0,2,[0.00362484 0.05239423 1.        ],[1.],"[1.0, 0.0523942265436215, 0.0036248356432596]",,,,,,,
3.1992671377973845,1,0,[1.],[-0.05239423  1.        ],"[1.0, 0.0523942265436215, 0.0027451549751043316]",19.08607237798304,-19.08607237798304,[1],,,0.0,[]
3.1992671377973845,1,1,[-0.01678965  1.        ],[-0.06918388  1.        ],"[1.0, 0.0523942265436215, 0.0036248356432595995]",14.454235088161536,-10.9464591690875,[1],,,0.24268153227610165,[0.24268153]
3.1992671377973845,2,0,[1.],[-8.79680668e-04 -5.23942265e-02  1.00000000e+00],"[1.0, 0.0523942265436215, 0.0036248356432596]",15.20462891371618,-12.635090791740279,[1],-74.765135857099,12.635090791740279,0.14043707709947142,[]
3.511191734215134,0,0,[1.],[1.],"[1.0, 0.0, 0.0]",,,,,,,
3.511191734215134,0,1,[0.04763773 1.        ],[1.],"[1.0, 0.0476377278976579, 0.0]",,,,,,,
3.511191734215134,0,2,[0.0030351  0.04763773 1.        ],[1.],"[1.0, 0.0476377278976579, 0.0030351022887778]",,,,,,,
3.511191734215134,1,0,[1.],[-0.04763773  1.        ],"[1.0, 0.0476377278976579, 0.0022693531192512933]",20.991765227517597,-20.991765227517597,[1],,,0.0,[]
3.511191734215134,1,1,[-0.01607443  1.        ],[-0.06371215  1.        ],"[1.0, 0.0476377278976579, 0.0030351022887778]",15.695592228900152,-11.735631222331623,[1],,,0.2522976482070608,[0.25229765]
3.511191734215134,2,0,[1.],[-7.65749170e-04 -4.76377279e-02  1.00000000e+00],"[1.0, 0.0476377278976579, 0.0030351022887778]",16.57540962863827,-13.694326701753596,[1],-78.7860260986688,13.694326701753596,0.14360445181334638,[]
3.8535285937105312,0,0,[1.],[1.],"[1.0, 0.0, 0.0]",,,,,,,
3.8535285937105312,0,1,[0.04312679 1.        ],[1.],"[1.0, 0.043126794927282, 0.0]",,,,,,,
3.8535285937105312,0,2,[0.0025206  0.04312679 1.        ],[1.],"[1.0, 0.043126794927282, 0.0025205963076954]",,,,,,,
3.8535285937105312,1,0,[1.],[-0.04312679  1.        ],"[1.0, 0.043126794927282, 0.0018599204406998361]",23.187440700987505,-23.187440700987505,[1],,,0.0,[]
3.8535285937105312,1,1,[-0.01531938  1.        ],[-0.05844618  1.        ],"[1.0, 0.043126794927282, 0.0025205963076954]",17.109758827947005,-12.625103862283652,[1],,,0.2621109397718767,[0.26211094]
3.8535285937105312,2,0,[1.],[-6.60675867e-04 -4.31267949e-02  1.00000000e+00],"[1.0, 0.043126794927282, 0.0025205963076954]",18.144146173542104,-14.902775647349333,[1],-83.42092875590268,14.902775647349333,0.1467313016576022,[]
4.229242874389499,0,0,[1.],[1.],"[1.0, 0.0, 0.0]",,,,,,,
4.229242874389499,0,1,[0.03887043 1.        ],[1.],"[1.0, 0.03887042606673, 0.0]",,,,,,,
4.229242874389499,0,2,[0.00207565 0.03887043 1.        ],[1.],"[1.0, 0.03887042606673, 0.0020756475804756]",,,,,,,
4.229242874389499,1,0,[1.],[-0.03887043  1.        ],"[1.0, 0.03887042606673, 0.0015109100226091232]",25.72649958308331,-25.72649958308331,[1],,,0.0,[]
4.229242874389499,1,1,[-0.01452872  1.        ],[-0.05339915  1.        ],"[1.0, 0.03887042606673, 0.0020756475804756]",18.726891035049167,-13.631720347575323,[1],,,0.2720777665624125,[0.27207777]
4.229242874389499,2,0,[1.],[-5.64737558e-04 -3.88704261e-02  1.00000000e+00],"[1.0, 0.03887042606673, 0.0020756475804756]",19.946222232656176,-16.286860412139973,[1],-88.77540762202301,16.286860412139973,0.14980331359923055,[]
4.641588833612782,0,0,[1.],[1.],"[1.0, 0.0, 0.0]",,,,,,,
4.641588833612782,0,1,[0.03487571 1.        ],[1.],"[1.0, 0.0348757134601192, 0.0]",,,,,,,
4.641588833612782,0,2,[0.00169438 0.03487571 1.        ],[1.],"[1.0, 0.0348757134601192, 0.0016943824599826]",,,,,,,
4.641588833612782,1,0,[1.],[-0.03487571  1.        ],"[1.0, 0.0348757134601192, 0.0012163153893523398]",28.673248538514116,-28.673248538514116,[1],,,0.0,[]
4.641588833612782,1,1,[-0.01370774  1.        ],[-0.04858345  1.        ],"[1.0, 0.0348757134601192, 0.0016943824599826]",20.583141223308782,-14.775643647408925,[1],,,0.28214826458671544,[0.28214826]
4.641588833612782,2,0,[1.],[-4.78067071e-04 -3.48757135e-02  1.00000000e+00],"[1.0, 0.0348757134601192, 0.0016943824599826]",22.02413784854473,-17.87829556607255,[1],-94.97564528899814,17.87829556607255,0.15280622823937326,[]
5.09413801481638,0,0,[1.],[1.],"[1.0, 0.0, 0.0]",,,,,,,
5.09413801481638,0,1,[0.03114757 1.        ],[1.],"[1.0, 0.0311475680888991, 0.0]",,,,,,,
5.09413801481638,0,2,[0.00137081 0.03114757 1.        ],[1.],"[1.0, 0.0311475680888991, 0.0013708148134884]",,,,,,,
5.09413801481638,1,0,[1.],[-0.03114757  1.        ],"[1.0, 0.0311475680888991, 0.0009701709978526056]",32.10523521919507,-32.10523521919507,[1],,,0.0,[]
5.09413801481638,1,1,[-0.01286276  1.        ],[-0.04401033  1.        ],"[1.0, 0.0311475680888991, 0.0013708148134884]",22.72193718831787,-16.081066719024857,[1],,,0.2922669143151806,[0.29226691]
5.09413801481638,2,0,[1.],[-4.00643816e-04 -3.11475681e-02  1.00000000e+00],"[1.0, 0.0311475680888991, 0.0013708148134884]",24.429028173246362,-19.715215211430774,[1],-102.17281672884913,19.715215211430774,0.1557261288465193,[]
5.590810182512229,0,0,[1.],[1.],"[1.0, 0.0, 0.0]",,,,,,,
5.590810182512229,0,1,[0.0276885 1.       ],[1.],"[1.0, 0.0276884962993709, 0.0]",,,,,,,
5.590810182512229,0,2,[0.00109894 0.0276885  1.        ],[1.],"[1.0, 0.0276884962993709, 0.001098944073552]",,,,,,,
5.590810182512229,1,0,[1.],[-0.0276885  1.       ],"[1.0, 0.0276884962993709, 0.000766652827320276]",36.11608189870248,-36.11608189870248,[1],,,0.0,[]
5.590810182512229,1,1,[-0.01200106  1.        ],[-0.03968955  1.        ],"[1.0, 0.0276884962993709, 0.001098944073552]",25.195546311903136,-17.577088116473185,[1],,,0.3023732091822419,[0.30237321]
5.590810182512229,2,0,[1.],[-3.32291246e-04 -2.76884963e-02  1.00000000e+00],"[1.0, 0.0276884962993709, 0.001098944073552]",27.222514442312153,-21.843550775760754,[1],-110.54850215148667,21.843550775760754,0.15854968131768832,[]
6.135907273413176,0,0,[1.],[1.],"[1.0, 0.0, 0.0]",,,,,,,
6.135907273413176,0,1,[0.02449844 1.        ],[1.],"[1.0, 0.0244984442779544, 0.0]",,,,,,,
6.135907273413176,0,2,[8.72856713e-04 2.44984443e-02 1.00000000e+00],[1.],"[1.0, 0.0244984442779544, 0.0008728567132512]",,,,,,,
6.135907273413176,1,0,[1.],[-0.02449844  1.        ],"[1.0, 0.0244984442779544, 0.0006001737720400367]",40.81891848536185,-40.81891848536185,[1],,,0.0,[]
6.135907273413176,1,1,[-0.01113062  1.        ],[-0.03562907  1.        ],"[1.0, 0.0244984442779544, 0.0008728567132512]",28.06697125202035,-19.298768916286573,[1],,,0.31240286873143147,[0.31240287]
6.135907273413176,2,0,[1.],[-2.72682941e-04 -2.44984443e-02  1.00000000e+00],"[1.0, 0.0244984442779544, 0.0008728567132512]",30.478946435290524,-24.318698412745,[1],-120.321179209885,24.318698412745,0.16126444396979864,[]
6.7341506577508286,0,0,[1.],[1.],"[1.0, 0.0, 0.0]",,,,,,,
6.7341506577508286,0,1,[0.02157472 1.        ],[1.],"[1.0, 0.0215747242281419, 0.0]",,,,,,,
6.7341506577508286,0,2,[6.86824924e-04 2.15747242e-02 1.00000000e+00],[1.],"[1.0, 0.0215747242281419, 0.0006868249236894]",,,,,,,
6.7341506577508286,1,0,[1.],[-0.02157472  1.        ],"[1.0, 0.0215747242281419, 0.00046546872552037313]",46.350534515551665,-46.350534515551665,[1],,,0.0,[]
6.7341506577508286,1,1,[-0.01025998  1.        ],[-0.0318347  1.       ],"[1.0, 0.0215747242281419, 0.0006868249236894]",31.412261675434703,-21.288431598019933,[1],,,0.32228911697026563,[0.32228912]
6.7341506577508286,2,0,[1.],[-2.21356198e-04 -2.15747242e-02  1.00000000e+00],"[1.0, 0.0215747242281419, 0.0006868249236894]",34.288127620612634,-27.20755031978958,[1],-131.7542225689344,27.20755031978958,0.16385910154084526,[]
7.390722033525782,0,0,[1.],[1.],"[1.0, 0.0, 0.0]",,,,,,,
7.390722033525782,0,1,[0.01891203 1.        ],[1.],"[1.0, 0.018912031749815, 0.0]",,,,,,,
7.390722033525782,0,2,[5.35398013e-04 1.89120317e-02 1.00000000e+00],[1.],"[1.0, 0.018912031749815, 0.000535398012549]",,,,,,,
7.390722033525782,1,0,[1.],[-0.01891203  1.        ],"[1.0, 0.018912031749815, 0.00035766494490601064]",52.876391771591756,-52.876391771591756,[1],,,0.0,[]
7.390722033525782,1,1,[-0.00939788  1.        ],[-0.02830992  1.        ],"[1.0, 0.018912031749815, 0.000535398012549]",35.323313323065726,-23.597231624829366,[1],,,0.33196437692551783,[0.33196438]
7.390722033525782,2,0,[1.],[-1.77733068e-04 -1.89120317e-02  1.00000000e+00],"[1.0, 0.018912031749815, 0.000535398012549]",38.75861054177155,-30.5909511784863,[1],-145.1655498953611,30.5909511784863,0.16632372335304274,[]
8.111308307896872,0,0,[1.],[1.],"[1.0, 0.0, 0.0]",,,,,,,
8.111308307896872,0,1,[0.01650256 1.        ],[1.],"[1.0, 0.0165025581841855, 0.0]",,,,,,,
8.111308307896872,0,2,[4.13481276e-04 1.65025582e-02 1.00000000e+00],[1.],"[1.0, 0.0165025581841855, 0.0004134812759932]",,,,,,,
8.111308307896872,1,0,[1.],[-0.01650256  1.        ],"[1.0, 0.0165025581841855, 0.00027233442662242787]",60.59666561020254,-60.59666561020254,[1],,,0.0,[]
8.111308307896872,1,1,[-0.00855303  1.        ],[-0.02505559  1.        ],"[1.0, 0.0165025581841855, 0.0004134812759932]",39.91125872518807,-26.287066408497335,[1],,,0.34136213068350263,[0.34136213]
8.111308307896872,2,0,[1.],[-1.41146849e-04 -1.65025582e-02  1.00000000e+00],"[1.0, 0.0165025581841855, 0.0004134812759932]",44.02168041844011,-34.566670794186166,[1],-160.93933219567313,34.566670794186166,0.168649980566138,[]
8.902150854450392,0,0,[1.],[1.],"[1.0, 0.0, 0.0]",,,,,,,
8.902150854450392,0,1,[0.0143362 1.       ],[1.],"[1.0, 0.0143361951027471, 0.0]",,,,,,,
8.902150854450392,0,2,[3.16398217e-04 1.43361951e-02 1.00000000e+00],[1.],"[1.0, 0.0143361951027471, 0.0003163982167918]",,,,,,,
8.902150854450392,1,0,[1.],[-0.0143362  1.       ],"[1.0, 0.0143361951027471, 0.00020552649002402994]",69.75351499006734,-69.75351499006734,[1],,,0.0,[]
8.902150854450392,1,1,[-0.00773369  1.        ],[-0.02206989  1.        ],"[1.0, 0.0143361951027471, 0.0003163982167918]",45.31060651388174,-29.432940590136127,[1],,,0.3504183047931878,[0.3504183]
8.902150854450392,2,0,[1.],[-1.10871727e-04 -1.43361951e-02  1.00000000e+00],"[1.0, 0.0143361951027471, 0.0003163982167918]",50.236189907704386,-39.25302845730833,[1],-179.54052673629405,39.25302845730833,0.17083118355339935,[]
9.770099572992256,0,0,[1.],[1.],"[1.0, 0.0, 0.0]",,,,,,,
9.770099572992256,0,1,[0.01240082 1.        ],[1.],"[1.0, 0.0124008213085835, 0.0]",,,,,,,
9.770099572992256,0,2,[2.39935064e-04 1.24008213e-02 1.00000000e+00],[1.],"[1.0, 0.0124008213085835, 0.000239935064128]",,,,,,,
9.770099572992256,1,0,[1.],[-0.01240082  1.        ],"[1.0, 0.0124008213085835, 0.00015378036912741858]",80.63982014705978,-80.63982014705978,[1],,,0.0,[]
9.770099572992256,1,1,[-0.0069475  1.       ],[-0.01934832  1.        ],"[1.0, 0.0124008213085835, 0.00023993506412800001]",51.68407274548225,-33.125611772060694,[1],,,0.35907504938344403,[0.35907505]
9.770099572992256,2,0,[1.],[-8.61546950e-05 -1.24008213e-02  1.00000000e+00],"[1.0, 0.0124008213085835, 0.000239935064128]",57.59427071612569,-44.79312415003602,[1],-201.5309570278794,44.79312415003602,0.1728628452737455,[]
10.722672220103243,0,0,[1.],[1.],"[1.0, 0.0, 0.0]",,,,,,,
10.722672220103243,0,1,[0.01068266 1.        ],[1.],"[1.0, 0.0106826564904691, 0.0]",,,,,,,
10.722672220103243,0,2,[1.80363174e-04 1.06826565e-02 1.00000000e+00],[1.],"[1.0, 0.0106826564904691, 0.0001803631739967796]",,,,,,,
10.722672220103243,1,0,[1.],[-0.01068266  1.        ],"[1.0, 0.0106826564904691, 0.00011411914969336158]",93.60967479317382,-93.60967479317382,[1],,,0.0,[]
10.722672220103243,1,1,[-0.00620108  1.        ],[-0.01688374  1.        ],"[1.0, 0.0106826564904691, 0.0001803631739967796]",59.22859003723143,-37.475035412196966,[1],,,0.3672813182174362,[0.36728132]
10.722672220103243,2,0,[1.],[-6.62440243e-05 -1.06826565e-02  1.00000000e+00],"[1.0, 0.0106826564904691, 0.0001803631739967796]",66.3283370438866,-51.36009641799838,[1],-227.59052790263104,51.36009641799838,0.1747424290963563,[]
11.768119524349991,0,0,[1.],[1.],"[1.0, 0.0, 0.0]",,,,,,,
11.768119524349991,0,1,[0.00916666 1.        ],[1.],"[1.0, 0.009166660800723, 0.0]",,,,,,,
11.768119524349991,0,2,[1.34442497e-04 9.16666080e-03 1.00000000e+00],[1.],"[1.0, 0.009166660800723, 0.00013444249666858392]",,,,,,,
11.768119524349991,1,0,[1.],[-0.00916666  1.        ],"[1.0, 0.009166660800723, 8.402767023551164e-05]",109.09097890053128,-109.09097890053128,[1],,,0.0,[]
11.768119524349991,1,1,[-0.0054998  1.       ],[-0.01466646  1.        ],"[1.0, 0.009166660800723, 0.00013444249666858392]",68.1827623546732,-42.6147893177554,[1],,,0.3749917450384054,[0.37499175]
11.768119524349991,2,0,[1.],[-5.04148264e-05 -9.16666080e-03  1.00000000e+00],"[1.0, 0.009166660800723, 0.00013444249666858392]",76.71965757549955,-59.16362544988792,[1],-258.5443597371169,59.16362544988792,0.17646876012560833,[]
12.91549665014884,0,0,[1.],[1.],"[1.0, 0.0, 0.0]",,,,,,,
12.91549665014884,0,1,[0.00783696 1.        ],[1.],"[1.0, 0.007836956743808, 0.0]",,,,,,,
12.91549665014884,0,2,[9.94099888e-05 7.83695674e-03 1.00000000e+00],[1.],"[1.0, 0.007836956743808, 9.940998880492053e-05]",,,,,,,
12.91549665014884,1,0,[1.],[-0.00783696  1.        ],"[1.0, 0.007836956743808, 6.14178910043177e-05]",127.60055116931743,-127.60055116931743,[1],,,0.0,[]
12.91549665014884,1,1,[-0.00484781  1.        ],[-0.01268477  1.        ],"[1.0, 0.007836956743808, 9.940998880492053e-05]",78.83470099958498,-48.70598147689185,[1],,,0.38217585835521517,[0.38217586]
12.91549665014884,2,0,[1.],[-3.79920978e-05 -7.83695674e-03  1.00000000e+00],"[1.0, 0.007836956743808, 9.940998880492053e-05]",89.10788010244295,-68.45682479705417,[1],-295.3864800612914,68.45682479705417,0.17804376836087343,[]
14.174741629268064,0,0,[1.],[1.],"[1.0, 0.0, 0.0]",,,,,,,
14.174741629268064,0,1,[0.00667725 1.        ],[1.],"[1.0, 0.006677249216034, 0.0]",,,,,,,
14.174741629268064,0,2,[7.29489624e-05 6.67724922e-03 1.00000000e+00],[1.],"[1.0, 0.006677249216034, 7.294896240627823e-05]",,,,,,,
14.174741629268064,1,0,[1.],[-0.00667725  1.        ],"[1.0, 0.006677249216034, 4.458565709302667e-05]",149.76227000764203,-149.76227000764203,[1],,,0.0,[]
14.174741629268064,1,1,[-0.00424775  1.        ],[-0.010925  1.      ],"[1.0, 0.006677249216034, 7.294896240627823e-05]",91.53316230662843,-55.94412932859563,[1],,,0.3888102637469524,[0.38881026]
14.174741629268064,2,0,[1.],[-2.83633053e-05 -6.67724922e-03  1.00000000e+00],"[1.0, 0.006677249216034, 7.294896240627823e-05]",103.90365670172278,-79.5459422642634,[1],-339.3222421694164,79.5459422642634,0.17947042911269523,[]
15.556761439304722,0,0,[1.],[1.],"[1.0, 0.0, 0.0]",,,,,,,
15.556761439304722,0,1,[0.00567122 1.        ],[1.],"[1.0, 0.0056712213309306, 0.0]",,,,,,,
15.556761439304722,0,2,[5.31513827e-05 5.67122133e-03 1.00000000e+00],[1.],"[1.0, 0.0056712213309306, 5.315138269774914e-05]",,,,,,,
15.556761439304722,1,0,[1.],[-0.00567122  1.        ],"[1.0, 0.0056712213309306, 3.216275138440225e-05]",176.3288613946422,-176.3288613946422,[1],,,0.0,[]
15.556761439304722,1,1,[-0.0037009  1.       ],[-0.00937212  1.        ],"[1.0, 0.0056712213309306, 5.315138269774914e-05]",106.69941294247394,-64.56552054055574,[1],,,0.3948840133228692,[0.39488401]
15.556761439304722,2,0,[1.],[-2.09886313e-05 -5.67122133e-03  1.00000000e+00],"[1.0, 0.0056712213309306, 5.315138269774914e-05]",121.6027682550394,-92.80076989506698,[1],-391.80720637503293,92.80076989506698,0.1807537338204868,[]
17.07352647470692,0,0,[1.],[1.],"[1.0, 0.0, 0.0]",,,,,,,
17.07352647470692,0,1,[0.00480289 1.        ],[1.],"[1.0, 0.0048028874717314, 0.0]",,,,,,,
17.07352647470692,0,2,[3.84717357e-05 4.80288747e-03 1.00000000e+00],[1.],"[1.0, 0.0048028874717314, 3.847173567890898e-05]",,,,,,,
17.07352647470692,1,0,[1.],[-0.00480289  1.        ],"[1.0, 0.0048028874717314, 2.306772806611444e-05]",208.20808438376935,-208.20808438376935,[1],,,0.0,[]
17.07352647470692,1,1,[-0.00320724  1.        ],[-0.00801013  1.        ],"[1.0, 0.0048028874717314, 3.847173567890898e-05]",124.84197520530493,-74.85549285605418,[1],,,0.4003980413402388,[0.40039804]
17.07352647470692,2,0,[1.],[-1.54040076e-05 -4.80288747e-03  1.00000000e+00],"[1.0, 0.0048028874717314, 3.847173567890898e-05]",142.80343504907805,-108.66756547078238,[1],-454.59810514143317,108.66756547078238,0.18190037715023016,[]
18.73817422860385,0,0,[1.],[1.],"[1.0, 0.0, 0.0]",,,,,,,
18.73817422860385,0,1,[0.00405689 1.        ],[1.],"[1.0, 0.0040568901802889, 0.0]",,,,,,,
18.73817422860385,0,2,[2.76778532e-05 4.05689018e-03 1.00000000e+00],[1.],"[1.0, 0.0040568901802889, 2.7677853156175985e-05]",,,,,,,
18.73817422860385,1,0,[1.],[-0.00405689  1.        ],"[1.0, 0.0040568901802889, 1.64583579349245e-05]",246.49422477805103,-246.49422477805103,[1],,,0.0,[]
18.73817422860385,1,1,[-0.00276554  1.        ],[-0.00682243  1.        ],"[1.0, 0.0040568901802889, 2.7677853156175985e-05]",146.57531989194953,-87.15954469429174,[1],,,0.40536002405764576,[0.40536002]
18.73817422860385,2,0,[1.],[-1.12194952e-05 -4.05689018e-03  1.00000000e+00],"[1.0, 0.0040568901802889, 2.7677853156175985e-05]",168.22779050691244,-127.68535120149811,[1],-529.820723191131,127.68535120149811,0.18291758910145214,[]
20.565123083486537,0,0,[1.],[1.],"[1.0, 0.0, 0.0]",,,,,,,
20.565123083486537,0,1,[0.00341873 1.        ],[1.],"[1.0, 0.0034187333168467, 0.0]",,,,,,,
20.565123083486537,0,2,[1.98027327e-05 3.41873332e-03 1.00000000e+00],[1.],"[1.0, 0.0034187333168467, 1.9802732661570232e-05]",,,,,,,
20.565123083486537,1,0,[1.],[-0.00341873  1.        ],"[1.0, 0.0034187333168467, 1.168773749171764e-05]",292.505997783518,-292.505997783518,[1],,,0.0,[]
20.565123083486537,1,1,[-0.00237368  1.        ],[-0.00579242  1.        ],"[1.0, 0.0034187333168467, 1.9802732661570232e-05]",172.63947230278956,-101.89325218228072,[1],,,0.40979168423562023,[0.40979168]
20.565123083486537,2,0,[1.],[-8.11499517e-06 -3.41873332e-03  1.00000000e+00],"[1.0, 0.0034187333168467, 1.9802732661570232e-05]",198.74575047070985,-150.50324687877315,[1],-620.0316841392078,150.50324687877315,0.18381460030157767,[]
22.570197196339212,0,0,[1.],[1.],"[1.0, 0.0, 0.0]",,,,,,,
22.570197196339212,0,1,[0.00287495 1.        ],[1.],"[1.0, 0.0028749495677156, 0.0]",,,,,,,
22.570197196339212,0,2,[1.40978457e-05 2.87494957e-03 1.00000000e+00],[1.],"[1.0, 0.0028749495677156, 1.4097845724579182e-05]",,,,,,,
22.570197196339212,1,0,[1.],[-0.00287495  1.        ],"[1.0, 0.0028749495677156, 8.265335016908115e-06]",347.83218851194937,-347.83218851194937,[1],,,0.0,[]
22.570197196339212,1,1,[-0.00202873  1.        ],[-0.00490368  1.        ],"[1.0, 0.0028749495677156, 1.4097845724579182e-05]",203.9282897459439,-119.55980134160873,[1],,,0.4137164515499168,[0.41371645]
22.570197196339212,2,0,[1.],[-5.83251071e-06 -2.87494957e-03  1.00000000e+00],"[1.0, 0.0028749495677156, 1.4097845724579182e-05]",235.40694238702596,-177.90502835872232,[1],-728.3249517675135,177.90502835872232,0.18460012524001235,[]
24.770763559917118,0,0,[1.],[1.],"[1.0, 0.0, 0.0]",,,,,,,
24.770763559917118,0,1,[0.00241321 1.        ],[1.],"[1.0, 0.0024132052665248, 0.0]",,,,,,,
24.770763559917118,0,2,[9.99186029e-06 2.41320527e-03 1.00000000e+00],[1.],"[1.0, 0.0024132052665248, 9.991860286823591e-06]",,,,,,,
24.770763559917118,1,0,[1.],[-0.00241321  1.        ],"[1.0, 0.0024132052665248, 5.8235596583830304e-06]",414.3866308729205,-414.3866308729205,[1],,,0.0,[]
24.770763559917118,1,1,[-0.00172729  1.        ],[-0.00414049  1.        ],"[1.0, 0.0024132052665248, 9.991860286823593e-06]",241.51711465652977,-140.76351003202006,[1],,,0.41716962695498844,[0.41716963]
24.770763559917118,2,0,[1.],[-4.16830063e-06 -2.41320527e-03  1.00000000e+00],"[1.0, 0.0024132052665248, 9.991860286823591e-06]",279.4747934600143,-210.83368107179714,[1],-858.4170247519127,210.83368107179714,0.18528446878465066,[]
27.185882427329428,0,0,[1.],[1.],"[1.0, 0.0, 0.0]",,,,,,,
27.185882427329428,0,1,[0.00202235 1.        ],[1.],"[1.0, 0.0020223491805689, 0.0]",,,,,,,
27.185882427329428,0,2,[7.05301667e-06 2.02234918e-03 1.00000000e+00],[1.],"[1.0, 0.0020223491805689, 7.053016667196749e-06]",,,,,,,
27.185882427329428,1,0,[1.],[-0.00202235  1.        ],"[1.0, 0.0020223491805689, 4.089896208147701e-06]",494.47445060832354,-494.47445060832354,[1],,,0.0,[]
27.185882427329428,1,1,[-0.00146519  1.        ],[-0.00348754  1.        ],"[1.0, 0.0020223491805689, 7.053016667196749e-06]",286.7353468728851,-166.2718044282504,[1],,,0.42012100621148163,[0.42012101]
27.185882427329428,2,0,[1.],[-2.96312046e-06 -2.02234918e-03  1.00000000e+00],"[1.0, 0.0020223491805689, 7.053016667196749e-06]",332.49434262989786,-250.45139111570052,[1],-1015.0009124836022,250.45139111570052,0.18586439556301437,[]
29.836472402833405,0,0,[1.],[1.],"[1.0, 0.0, 0.0]",,,,,,,
29.836472402833405,0,1,[0.00169241 1.        ],[1.],"[1.0, 0.0016924142440581, 0.0]",,,,,,,
29.836472402833405,0,2,[4.96240310e-06 1.69241424e-03 1.00000000e+00],[1.],"[1.0, 0.0016924142440581, 4.962403096604958e-06]",,,,,,,
29.836472402833405,1,0,[1.],[-0.00169241  1.        ],"[1.0, 0.0016924142440581, 2.86426597349075e-06]",590.871888198118,-590.871888198118,[1],,,0.0,[]
29.836472402833405,1,1,[-0.00123973  1.        ],[-0.00293214  1.        ],"[1.0, 0.0016924142440581, 4.962403096604958e-06]",341.04731339055667,-196.85023487175454,[1],,,0.422806668920075,[0.42280667]
29.836472402833405,2,0,[1.],[-2.09813712e-06 -1.69241424e-03  1.00000000e+00],"[1.0, 0.0016924142440581, 4.962403096604958e-06]",396.233256324266,-298.05214105822176,[1],-1202.8603472867935,298.05214105822176,0.186388176642795,[]
32.74549162877732,0,0,[1.],[1.],"[1.0, 0.0, 0.0]",,,,,,,
32.74549162877732,0,1,[0.00141458 1.        ],[1.],"[1.0, 0.0014145822484568, 0.0]",,,,,,,
32.74549162877732,0,2,[3.48047703e-06 1.41458225e-03 1.00000000e+00],[1.],"[1.0, 0.0014145822484568, 3.4804770280064896e-06]",,,,,,,
32.74549162877732,1,0,[1.],[-0.00141458  1.        ],"[1.0, 0.0014145822484568, 2.001042937649096e-06]",706.9224861904797,-706.9224861904797,[1],,,0.0,[]
32.74549162877732,1,1,[-0.00104585  1.        ],[-0.00246043  1.        ],"[1.0, 0.0014145822484568, 3.4804770280064896e-06]",406.4334391734311,-233.67221117625238,[1],,,0.42506647176601775,[0.42506647]
32.74549162877732,2,0,[1.],[-1.47943409e-06 -1.41458225e-03  1.00000000e+00],"[1.0, 0.0014145822484568, 3.4804770280064896e-06]",472.96811990770215,-355.3619140858745,[1],-1429.1325463439434,355.3619140858745,0.1868260289220994,[]
35.938136638046295,0,0,[1.],[1.],"[1.0, 0.0, 0.0]",,,,,,,
35.938136638046295,0,1,[0.00118112 1.        ],[1.],"[1.0, 0.0011811214412172, 0.0]",,,,,,,
35.938136638046295,0,2,[2.43463572e-06 1.18112144e-03 1.00000000e+00],[1.],"[1.0, 0.0011811214412172, 2.4346357240635753e-06]",,,,,,,
35.938136638046295,1,0,[1.],[-0.00118112  1.        ],"[1.0, 0.0011811214412172, 1.3950478589029955e-06]",846.6529902034918,-846.6529902034918,[1],,,0.0,[]
35.938136638046295,1,1,[-8.80170175e-04  1.00000000e+00],[-0.00206129  1.        ],"[1.0, 0.0011811214412172, 2.4346357240635753e-06]",485.13271597191005,-277.9813628836473,[1],,,0.4269993473296431,[0.42699935]
35.938136638046295,2,0,[1.],[-1.03958787e-06 -1.18112144e-03  1.00000000e+00],"[1.0, 0.0011811214412172, 2.4346357240635753e-06]",565.3412044367774,-424.34642589786336,[1],-1701.4851330067381,424.34642589786336,0.18719847166432402,[]
39.4420605943766,0,0,[1.],[1.],"[1.0, 0.0, 0.0]",,,,,,,
39.4420605943766,0,1,[9.85306136e-04 1.00000000e+00],[1.],"[1.0, 0.0009853061359745, 0.0]",,,,,,,
39.4420605943766,0,2,[1.69922857e-06 9.85306136e-04 1.00000000e+00],[1.],"[1.0, 0.0009853061359745, 1.6992285700281442e-06]",,,,,,,
39.4420605943766,1,0,[1.],[-9.85306136e-04  1.00000000e+00],"[1.0, 0.0009853061359745, 9.708281815889997e-07]",1014.9129935245631,-1014.9129935245631,[1],,,0.0,[]
39.4420605943766,1,1,[-7.39263019e-04  1.00000000e+00],[-0.00172457  1.        ],"[1.0, 0.0009853061359745, 1.6992285700281442e-06]",579.8549726351296,-331.2912450968136,[1],,,0.42866533748728114,[0.42866534]
39.4420605943766,2,0,[1.],[-7.28400388e-07 -9.85306136e-04  1.00000000e+00],"[1.0, 0.0009853061359745, 1.6992285700281442e-06]",676.5437992441379,-507.38352926602977,[1],-2029.2423310033905,507.38352926602977,0.18751797253821156,[]
43.287612810830616,0,0,[1.],[1.],"[1.0, 0.0, 0.0]",,,,,,,
43.287612810830616,0,1,[8.21326109e-04 1.00000000e+00],[1.],"[1.0, 0.0008213261086688, 0.0]",,,,,,,
43.287612810830616,0,2,[1.18361060e-06 8.21326109e-04 1.00000000e+00],[1.],"[1.0, 0.0008213261086688, 1.1836105961294934e-06]",,,,,,,
43.287612810830616,1,0,[1.],[-8.21326109e-04  1.00000000e+00],"[1.0, 0.0008213261086688, 6.745765767810335e-07]",1217.5431773632442,-1217.5431773632442,[1],,,0.0,[]
43.287612810830616,1,1,[-6.19770897e-04  1.00000000e+00],[-0.0014411  1.       ],"[1.0, 0.0008213261086688, 1.1836105961294934e-06]",693.9158126453124,-395.48425385783827,[1],,,0.4300688258562775,[0.43006883]
43.287612810830616,2,0,[1.],[-5.09034019e-07 -8.21326109e-04  1.00000000e+00],"[1.0, 0.0008213261086688, 1.1836105961294934e-06]",810.4547656411404,-607.3768829174594,[1],-2423.954212534807,607.3768829174594,0.1877860490172121,[]
47.50810162102798,0,0,[1.],[1.],"[1.0, 0.0, 0.0]",,,,,,,
47.50810162102798,0,1,[6.84192024e-04 1.00000000e+00],[1.],"[1.0, 0.0006841920242195, 0.0]",,,,,,,
47.50810162102798,0,2,[8.20922401e-07 6.84192024e-04 1.00000000e+00],[1.],"[1.0, 0.0006841920242195, 8.20922400939192e-07]",,,,,,,
47.50810162102798,1,0,[1.],[-6.84192024e-04  1.00000000e+00],"[1.0, 0.0006841920242195, 4.681187260055769e-07]",1461.577984836584,-1461.577984836584,[1],,,0.0,[]
47.50810162102798,1,1,[-5.15650084e-04  1.00000000e+00],[-0.00119984  1.        ],"[1.0, 0.0006841920242195, 8.20922400939192e-07]",833.4429946566655,-475.2584073849028,[1],,,0.42976495041429413,[0.42976495]
47.50810162102798,2,0,[1.],[-3.52803675e-07 -6.84192024e-04  1.00000000e+00],"[1.0, 0.0006841920242195, 8.20922400939192e-07]",973.1981955942103,-729.4542868934913,[1],-2912.4977914621963,729.4542868934913,0.1877280902374677,[]
52.140082879996896,0,0,[1.],[1.],"[1.0, 0.0, 0.0]",,,,,,,
52.140082879996896,0,1,[5.69641599e-04 1.00000000e+00],[1.],"[1.0, 0.0005696415985005, 0.0]",,,,,,,
52.140082879996896,0,2,[5.69693953e-07 5.69641599e-04 1.00000000e+00],[1.],"[1.0, 0.0005696415985005, 5.696939525591979e-07]",,,,,,,
52.140082879996896,1,0,[1.],[-5.69641599e-04  1.00000000e+00],"[1.0, 0.0005696415985005, 3.244915507422048e-07]",1755.4897722223182,-1755.4897722223182,[1],,,0.0,[]
52.140082879996896,1,1,[-4.30450309e-04  1.00000000e+00],[-0.00100009  1.        ],"[1.0, 0.0005696415985005, 5.696939525591979e-07]",999.9081014315445,-569.5369048164513,[1],,,0.43041075074693486,[0.43041075]
52.140082879996896,2,0,[1.],[-2.45202402e-07 -5.69641599e-04  1.00000000e+00],"[1.0, 0.0005696415985005, 5.696939525591979e-07]",1168.1292043031099,-875.2752301986261,[1],-3491.27773090544,875.2752301986261,0.1878512099006973,[]
57.223676593502205,0,0,[1.],[1.],"[1.0, 0.0, 0.0]",,,,,,,
57.223676593502205,0,1,[4.74049825e-04 1.00000000e+00],[1.],"[1.0, 0.0004740498250185, 0.0]",,,,,,,
57.223676593502205,0,2,[3.95655479e-07 4.74049825e-04 1.00000000e+00],[1.],"[1.0, 0.0004740498250185, 3.956554788510138e-07]",,,,,,,
57.223676593502205,1,0,[1.],[-4.74049825e-04  1.00000000e+00],"[1.0, 0.0004740498250185, 2.247232366000705e-07]",2109.482900792073,-2109.482900792073,[1],,,0.0,[]
57.223676593502205,1,1,[-3.60578642e-04  1.00000000e+00],[-8.34628467e-04  1.00000000e+00],"[1.0, 0.0004740498250185, 3.956554788510138e-07]",1198.1379011738798,-680.5148454582554,[1],,,0.43202293760048943,[0.43202294]
57.223676593502205,2,0,[1.],[-1.70932242e-07 -4.74049825e-04  1.00000000e+00],"[1.0, 0.0004740498250185, 3.956554788510138e-07]",1401.367466235425,-1049.1774752500592,[1],-4174.68757703438,1049.1774752500592,0.18815766112574459,[]
62.8029144183426,0,0,[1.],[1.],"[1.0, 0.0, 0.0]",,,,,,,
62.8029144183426,0,1,[3.94345404e-04 1.00000000e+00],[1.],"[1.0, 0.000394345404416, 0.0]",,,,,,,
62.8029144183426,0,2,[2.75486589e-07 3.94345404e-04 1.00000000e+00],[1.],"[1.0, 0.000394345404416, 2.754865886853524e-07]",,,,,,,
62.8029144183426,1,0,[1.],[-3.94345404e-04  1.00000000e+00],"[1.0, 0.000394345404416, 1.5550829798401857e-07]",2535.8479870735027,-2535.8479870735027,[1],,,0.0,[]
62.8029144183426,1,1,[-3.04246707e-04  1.00000000e+00],[-6.98592111e-04  1.00000000e+00],"[1.0, 0.000394345404416, 2.754865886853524e-07]",1431.450461156214,-808.0336176258916,[1],,,0.4355140889938831,[0.43551409]
62.8029144183426,2,0,[1.],[-1.19978291e-07 -3.94345404e-04  1.00000000e+00],"[1.0, 0.000394345404416, 2.754865886853524e-07]",1678.5864755562175,-1254.4953638943539,[1],-4965.392797857123,1254.4953638943539,0.18881686896802397,[]
68.92612104349702,0,0,[1.],[1.],"[1.0, 0.0, 0.0]",,,,,,,
68.92612104349702,0,1,[3.2793459e-04 1.0000000e+00],[1.],"[1.0, 0.0003279345899802, 0.0]",,,,,,,
68.92612104349702,0,2,[1.92011208e-07 3.27934590e-04 1.00000000e+00],[1.],"[1.0, 0.0003279345899802, 1.9201120832461913e-07]",,,,,,,
68.92612104349702,1,0,[1.],[-3.2793459e-04  1.0000000e+00],"[1.0, 0.0003279345899802, 1.0754109530548189e-07]",3049.3885992946884,-3049.3885992946884,[1],,,0.0,[]
68.92612104349702,1,1,[-2.575822e-04  1.000000e+00],[-5.8551679e-04  1.0000000e+00],"[1.0, 0.0003279345899802, 1.9201120832461913e-07]",1707.8929550080497,-956.5518630327388,[1],,,0.43992282406936306,[0.43992282]
68.92612104349702,2,0,[1.],[-8.4470113e-08 -3.2793459e-04  1.0000000e+00],"[1.0, 0.0003279345899802, 1.9201120832461913e-07]",2009.3763901920408,-1498.3538525647436,[1],-5891.632235000777,1498.3538525647436,0.1896408324105807,[]
75.64633275546291,0,0,[1.],[1.],"[1.0, 0.0, 0.0]",,,,,,,
75.64633275546291,0,1,[2.72632949e-04 1.00000000e+00],[1.],"[1.0, 0.0002726329493191, 0.0]",,,,,,,
75.64633275546291,0,2,[1.33422079e-07 2.72632949e-04 1.00000000e+00],[1.],"[1.0, 0.0002726329493191, 1.3342207920027306e-07]",,,,,,,
75.64633275546291,1,0,[1.],[-2.72632949e-04  1.00000000e+00],"[1.0, 0.0002726329493191, 7.432872505443093e-08]",3667.9352312238752,-3667.9352312238752,[1],,,0.0,[]
75.64633275546291,1,1,[-2.16750596e-04  1.00000000e+00],[-4.89383545e-04  1.00000000e+00],"[1.0, 0.0002726329493191, 1.3342207920027306e-07]",2043.3870537264272,-1138.3599731513139,[1],,,0.442905360942098,[0.44290536]
75.64633275546291,2,0,[1.],[-5.90933541e-08 -2.72632949e-04  1.00000000e+00],"[1.0, 0.0002726329493191, 1.3342207920027306e-07]",2409.5236786646233,-1794.0224631638932,[1],-7023.121151000398,1794.0224631638932,0.19019294116977833,[]
83.02175681319753,0,0,[1.],[1.],"[1.0, 0.0, 0.0]",,,,,,,
83.02175681319753,0,1,[2.26605048e-04 1.00000000e+00],[1.],"[1.0, 0.0002266050484767, 0.0]",,,,,,,
83.02175681319753,0,2,[9.24327437e-08 2.26605048e-04 1.00000000e+00],[1.],"[1.0, 0.0002266050484767, 9.243274370072349e-08]",,,,,,,
83.02175681319753,1,0,[1.],[-2.26605048e-04  1.00000000e+00],"[1.0, 0.0002266050484767, 5.134984799512756e-08]",4412.964347980191,-4412.964347980191,[1],,,0.0,[]
83.02175681319753,1,1,[-1.81297354e-04  1.00000000e+00],[-4.07902403e-04  1.00000000e+00],"[1.0, 0.0002266050484767, 9.243274370072349e-08]",2451.566830152704,-1361.9371127382508,[1],,,0.4444625796093767,[0.44446258]
83.02175681319753,2,0,[1.],[-4.10828957e-08 -2.26605048e-04  1.00000000e+00],"[1.0, 0.0002266050484767, 9.243274370072349e-08]",2894.2714072465888,-2153.245865680681,[1],-8410.071707706762,2153.245865680681,0.19047952134718685,[]
91.11627561154896,0,0,[1.],[1.],"[1.0, 0.0, 0.0]",,,,,,,
91.11627561154896,0,1,[1.88311714e-04 1.00000000e+00],[1.],"[1.0, 0.0001883117140816, 0.0]",,,,,,,
91.11627561154896,0,2,[6.39361565e-08 1.88311714e-04 1.00000000e+00],[1.],"[1.0, 0.0001883117140816, 6.393615654374746e-08]",,,,,,,
91.11627561154896,1,0,[1.],[-1.88311714e-04  1.00000000e+00],"[1.0, 0.0001883117140816, 3.546130166035027e-08]",5310.344100880925,-5310.344100880925,[1],,,0.0,[]
91.11627561154896,1,1,[-1.51211278e-04  1.00000000e+00],[-3.39522992e-04  1.00000000e+00],"[1.0, 0.0001883117140816, 6.393615654374746e-08]",2945.3086369486446,-1633.574548482692,[1],,,0.44536388207685973,[0.44536388]
91.11627561154896,2,0,[1.],[-2.84748549e-08 -1.88311714e-04  1.00000000e+00],"[1.0, 0.0001883117140816, 6.393615654374746e-08]",3479.568811645098,-2587.508582772301,[1],-10092.832157594536,2587.508582772301,0.19064486737730538,[]
100.0,0,0,[1.],[1.],"[1.0, 0.0, 0.0]",,,,,,,
100.0,0,1,[1.56464346e-04 1.00000000e+00],[1.],"[1.0, 0.0001564643460039, 0.0]",,,,,,,
100.0,0,2,[4.33219650e-08 1.56464346e-04 1.00000000e+00],[1.],"[1.0, 0.0001564643460039, 4.33219649892964e-08]",,,,,,,
100.0,1,0,[1.],[-1.56464346e-04  1.00000000e+00],"[1.0, 0.0001564643460039, 2.4481091570428136e-08]",6391.232415179585,-6391.232415179585,[1],,,0.0,[]
100.0,1,1,[-1.20416401e-04  1.00000000e+00],[-2.76880747e-04  1.00000000e+00],"[1.0, 0.0001564643460039, 4.33219649892964e-08]",3611.6631838504504,-2040.9382895543242,[1],,,0.434903481952476,[0.43490348]
100.0,2,0,[1.],[-1.88408734e-08 -1.56464346e-04  1.00000000e+00],"[1.0, 0.0001564643460039, 4.33219649892964e-08]",4233.285490904772,-3164.7378511896663,[1],-12537.8020876358,3164.7378511896663,0.18870200494564843,[]
